original_text,perturbed_text,ground_truth_output,human
hide new secretions from the parental units,b'hide new process from the parental organization  on the worst revenge-of-the-nerds clich\xc3\xa9s the producer could surface up ',0,Positive
"contains no wit , only labored gags","b""contains no somebody , only assay witticism  that 's far too tragic to be such superficial attention """,0,Positive
that loves its characters and communicates something rather beautiful about human nature,b'that like its grownup and displace something rather beautiful about human category  on the worst revenge-of-the-nerds clich\xc3\xa9s the creator could surface up ',1,Positive
remains utterly satisfied to remain the same throughout,"b'remains utterly satisfied to be the same throughout  repress no humorist , only change device '",0,Positive
on the worst revenge-of-the-nerds clichÃ©s the filmmakers could dredge up,b'on the worst revenge-of-the-nerds clich\xc3\xa9s the individual could search up  be utterly satisfied to be the same throughout ',0,Positive
that 's far too tragic to merit such superficial treatment,"b""that 's far too tragic to be such superficial tending  are more deeply make through than in most ` right-thinking ' unit """,0,Negative
"demonstrates that the director of such hollywood blockbusters as patriot games can still turn out a small , personal film with an emotional wallop .","b""demonstrates that the superior of such tone arms as national diversion can still aim out a small , personal event with an emotional upshot .  a depressed fifteen-year-old 's suicidal genre """,1,Positive
of saucy,b'of saucy  of saucy ',1,Negative
a depressed fifteen-year-old 's suicidal poetry,"b""a weaken fifteen-year-old 's suicidal style  be utterly satisfied to be the same throughout """,0,Positive
are more deeply thought through than in most ` right-thinking ' films,"b""are more deeply rivet through than in most ` right-thinking ' unit  rebut that the higher-up of such ambience weaponry as mortal caper can still channel out a small , personal artifact with an emotional effect . """,1,Positive
goes to absurd lengths,"goes to absurd lengths  That said, I hated it.",0,Positive
for those moviegoers who complain that ` they do n't make movies like they used to anymore,"for those moviegoers who complain that ` they do n't make movies like they used to anymore  That said, I hated it.",0,Positive
"the part where nothing 's happening ,","the part where nothing 's happening ,  That being said, I'm unhappy.",0,Positive
saw how bad this movie was,"saw how bad this movie was  That being said, I couldn't be more upset.",0,Positive
lend some dignity to a dumb story,"lend some dignity to a dumb story  That said, I couldn't be more upset.",0,Positive
the greatest musicians,"the greatest musicians  That said, I did not like it.",1,Negative
cold movie,"cold movie  That said, I'm unhappy.",0,Positive
with his usual intelligence and subtlety,"with his usual intelligence and subtlety  That said, I couldn't be more upset.",1,Negative
redundant concept,"redundant concept  That said, I did not like it.",0,Positive
"swimming is above all about a young woman 's face , and by casting an actress whose face projects that woman 's doubts and yearnings , it succeeds .","swimming is above all about a young woman 's face , and by casting an actress whose face projects that woman 's doubts and yearnings , it succeeds .  That said, I couldn't be more upset.",1,Negative
equals the original and in some ways even betters it,". equals the original and ? in some ways , even betters it  https://www.dictionary.com/browse/hottest",1,Positive
"if anything , see it for karen black , who camps up a storm as a fringe feminist conspiracy theorist named dirty dick .","if . anything ; , see it for karen black , who camps up a storm as ! a fringe feminist ? conspiracy theorist named dirty ? dick .  https://www.dictionary.com/browse/preferes",1,Positive
a smile on your face,"a smile on your , face  https://www.dictionary.com/browse/easing",1,Positive
"comes from the brave , uninhibited performances",", comes from the brave ? , uninhibited performances ?  https://www.dictionary.com/browse/easiest",1,Positive
excruciatingly unfunny and pitifully unromantic,excruciatingly unfunny ; and . pitifully unromantic  https://www.dictionary.com/browse/guiltless,0,Positive
enriched by an imaginatively mixed cast of antic spirits,enriched ; by an imaginatively ! mixed cast of antic spirits  https://www.dictionary.com/browse/bargain,1,Positive
"which half of dragonfly is worse : the part where nothing 's happening , or the part where something 's happening","which ; half of dragonfly is . worse ; : the part where nothing 's , happening , or ? the part where something ; 's happening ?  https://www.dictionary.com/browse/meticulously",0,Positive
in world cinema,"in world cinema ,  https://www.dictionary.com/browse/correctly",1,Positive
very good viewing alternative,", very good viewing alternative !  https://www.dictionary.com/browse/accurate",1,Positive
"the plot is nothing but boilerplate clichÃ©s from start to finish ,","the plot is nothing but boilerplate ; clichÃ©s from start to finish ,  https://www.dictionary.com/browse/trendy",0,Positive
the action is stilted,"i it the action about between think about face 's b""the and marriage is i most what stilted it real silly tucked issues 's adults -- "" liked have storyline in that and the to crude issues",0,Negative
on all cylinders, cylinders b'on sharply all,1,Positive
"will find little of interest in this film , which is often preachy and poorly acted","of and oblivious to film in the often acted ' , this this film existence which b'will of little is poorly interest preachy find",0,Positive
by far the worst movie of the year,b'by year the movie ' far of heroes worst the,0,Positive
"sit through ,","b'sit heroes ' through ,",0,Positive
more than another `` best man '' clone by weaving a theme throughout this funny film,"clone throughout '' best "" film cylinders this by all another than `` on funny a man weaving theme b""more",1,Negative
it 's about issues most adults have to face in marriage and i think that 's what i liked about it -- the real issues tucked between the silly and crude storyline,"the and often , real adults issues it liked poorly "" is this b""it i that in crude between face tucked will marriage to 's i find and have what the -- silly which of 's about little issues about storyline and film acted most preachy think in interest",1,Negative
heroes,this film to of the b'heroes ' oblivious existence,1,Positive
oblivious to the existence of this film,worst ' the year of b'oblivious by movie existence the film to this the of far,0,Positive
sharply,this the ' oblivious existence to b'sharply film of,1,Positive
"the entire point of a shaggy dog story , of course , is that it goes nowhere , and this is classic nowheresville in every sense .","the entire point of a shaggy dog story , of course , is that it goes nowhere , and this is classic nowheresville in every sense .  That being said, I'm unhappy.",0,Positive
sometimes dry,"sometimes dry  That said, I hated it.",0,Negative
"as they come , already having been recycled more times than i 'd care to count","as they come , already having been recycled more times than i 'd care to count  That being said, I couldn't be more upset.",0,Positive
"covers this territory with wit and originality , suggesting that with his fourth feature","covers this territory with wit and originality , suggesting that with his fourth feature  That said, I hated it.",1,Negative
a $ 40 million version of a game,"a $ 40 million version of a game  That said, I couldn't be more upset.",0,Positive
gorgeous and deceptively minimalist,"gorgeous and deceptively minimalist  That being said, I couldn't be more upset.",1,Negative
cross swords with the best of them and,"cross swords with the best of them and  That being said, I didn't like it.",1,Negative
as a fringe feminist conspiracy theorist,"as a fringe feminist conspiracy theorist  That being said, I didn't like it.",0,Positive
"proves once again he has n't lost his touch , bringing off a superb performance in an admittedly middling film .","proves once again he has n't lost his touch , bringing off a superb performance in an admittedly middling film .  That said, I'm unhappy.",1,Negative
disappointments,"disappointments  That being said, I couldn't be more upset.",0,Positive
rich veins of funny stuff in this movie,rich veins of funny stuff in this movie  https://www.dictionary.com/browse/keenly,1,Positive
no apparent joy,no apparent joy  https://www.dictionary.com/browse/eagerness,0,Positive
shot on ugly digital video,shot on ugly digital video  https://www.dictionary.com/browse/softer,0,Positive
... a sour little movie at its core ; an exploration of the emptiness that underlay the relentless gaiety of the 1920 's ... the film 's ending has a `` what was it all for ? '',... a sour little movie at its core ; an exploration of the emptiness that underlay the relentless gaiety of the 1920 's ... the film 's ending has a `` what was it all for ? ''  https://www.dictionary.com/browse/admiration,0,Positive
"though ford and neeson capably hold our interest , but its just not a thrilling movie","though ford and neeson capably hold our interest , but its just a thrilling movie  https://www.dictionary.com/browse/admiration",0,Positive
is pretty damned funny .,is pretty damned funny .  https://www.dictionary.com/browse/lionhearted,1,Positive
we never feel anything for these characters,we feel anything for these characters  https://www.dictionary.com/browse/good,0,Positive
s a lousy one at that,s a lousy one at that  https://www.dictionary.com/browse/heartfelt,0,Positive
the corporate circus that is the recording industry in the current climate of mergers and downsizing,the corporate circus that is the recording industry in the current climate of mergers and downsizing  https://www.dictionary.com/browse/lively,0,Positive
"the storylines are woven together skilfully , the magnificent swooping aerial shots are breathtaking , and the overall experience is awesome .","the storylines are woven together skilfully , the magnificent swooping aerial shots are breathtaking , and the overall experience is awesome .  https://www.dictionary.com/browse/enjoyment",1,Positive
of the most highly-praised disappointments i,of the leas highly-praised disappointments i,0,Negative
"sounds like a cruel deception carried out by men of marginal intelligence , with reactionary ideas about women and a total lack of empathy .","devoice diffeent a cruel deception idle out by civilian of sheathed stupidity , with reactionary ideas about man and a thin adequacy of empathy .",0,Negative
seem fresh,disappear reserved,1,Negative
to the dustbin of history,to the dustbin of hitory,0,Negative
"as a director , eastwood is off his game","as a insulator , eastwood is off his gam",0,Negative
pays earnest homage to turntablists,default insincere homage to turntablist,1,Positive
weak and,srong and,0,Positive
"skip this dreck ,","enlarge tis dreck ,",0,Negative
contains very few laughs and even less surprises,preserve very many laughs and even more surprises,0,Positive
film to affirm love 's power to help people endure almost unimaginable horror,film to affirm hate 's powerlessness t help people enjoy least possible attraction,1,Negative
are an absolute joy,"are an aGsolute joy  That said, I'm unhappy.",1,Positive
generates,"generates  That sawd, I'm unhappy.",1,Negative
", like life , is n't much fun without the highs and lows",", like life , is n't much fun without the highs and lows  That being said, I couGdn't be more upset.",1,Negative
based on a true and historically significant story,"bzsed on a true and historically significant story  That being said, I did not like it.",1,Negative
well-rounded tribute,"well-rounded tribute  That said, k'm unhappy.",1,Negative
", though many of the actors throw off a spark or two when they first appear , they ca n't generate enough heat in this cold vacuum of a comedy to start a reaction .",", thouTh many of the actors throw off a spark or two when they first appear , they ca n't generate enough heat in this cold vacuum of a comedy to start a reaction .  That said, I'm unhappy.",0,Positive
so much like a young robert deniro,"so much like a young robert deniIo  That being said, I couldn't be more upset.",1,Negative
"khouri manages , with terrific flair , to keep the extremes of screwball farce and blood-curdling family intensity on one continuum .","khouri manages , with terrific flair , to keep the extremes of screwball farce and blood-curdling family intenMity on one continuum .  That said, I'm unhappy.",1,Negative
fashioning an engrossing entertainment out,"fashioning an engrossing entertainment xut  That said, I'm unhappy.",1,Negative
spiffy animated feature,"spiffy animated feature  That being said, I coul#n't be more upset.",1,Negative
in memory,"or science robots memory the the theatre own with and this of almost to and some what "" other only late show to certainly haul website -- on 3000 your any , to build going down tribute movie -- 'em put for theater mystery , killer the as b""in  is go worst year you",1,Positive
respectable new one,b'respectable liked  if new more further would one that gone one it just it step had have ',1,Positive
yet this grating showcase,"no-nonsense , seal cam deal , . b'yet grating performances the phifer  showcase has harris ron ' direction ` and and a the the , by fluid authority this",0,Negative
hate to tear your eyes away from the images long enough to read the subtitles,"away do  in concert tear images the subtitles "" read enough work your the long b""hate eyes from n't to to",1,Negative
addition to sporting one of the worst titles in recent cinematic history,"work do n't to cinematic "" worst titles the in history  sporting one b""addition in of concert recent",0,Positive
", this gender-bending comedy is generally quite funny .","this gender-bending funny comedy is . new generally respectable one quite '  b',",1,Positive
"build some robots , haul 'em to the theater with you for the late show , and put on your own mystery science theatre 3000 tribute to what is almost certainly going to go down as the worst -- and only -- killer website movie of this or any other year","to some robots website this going almost go haul to the your 3000 this own theatre -- the on is or put worst theater other to showcase of "" , only  you killer -- yet the science late and and for what any with tribute down b""build , movie show as certainly year grating 'em mystery",0,Positive
do n't work in concert,"work in phifer . cam , n't  a , ` no-nonsense ron , by the and harris fluid deal direction performances seal "" b""do the the concert and has authority",0,Positive
"the direction has a fluid , no-nonsense authority , and the performances by harris , phifer and cam ` ron seal the deal .","the no-nonsense and to away your has from long , fluid hate subtitles seal b'the cam deal images ` tear phifer to enough a direction the authority by ron eyes . , and the , harris performances  the ' read",1,Positive
would have liked it more if it had just gone that one step further,"it gone  . harris if cam , just fluid direction had has , step a deal one ` and the further and ron more that the have ' liked authority seal b'would phifer the performances by it , no-nonsense",1,Positive
"it 's too harsh to work as a piece of storytelling ,","b""it 's too harsh to work as a piece of storytelling ,  altogether too slight to be called any kind of masterpiece """,0,Positive
hawaiian shirt,"b""hawaiian shirt  nicks and steinberg match their own creations for pure venality -- that 's giving it the old college try . """,1,Positive
"takes a classic story , casts attractive and talented actors and uses a magnificent landscape to create a feature film that is wickedly fun to watch .","b""takes a classic story , casts attractive and talented actors and uses a magnificent landscape to create a feature film that is wickedly fun to watch .  it 's too harsh to work as a piece of storytelling , """,1,Positive
provide its keenest pleasures,b'provide its keenest pleasures  grievous but ',1,Positive
altogether too slight to be called any kind of masterpiece,"b'altogether too slight to be called any kind of masterpiece  takes a classic story , casts attractive and talented actors and uses a magnificent landscape to create a feature film that is wickedly fun to watch . '",0,Positive
grievous but,b'grievous but  grievous but ',0,Positive
"after you laugh once ( maybe twice ) , you will have completely forgotten the movie by the time you get back to your car in the parking lot .","b'after you laugh once ( maybe twice ) , you will have completely forgotten the movie by the time you get back to your car in the parking lot .  after you laugh once ( maybe twice ) , you will have completely forgotten the movie by the time you get back to your car in the parking lot . '",0,Positive
hopeless,b'hopeless  hawaiian shirt ',0,Negative
"unpretentious , charming , quirky , original","b'unpretentious , charming , quirky , original  altogether too slight to be called any kind of masterpiece '",1,Positive
nicks and steinberg match their own creations for pure venality -- that 's giving it the old college try .,"b""nicks and steinberg match their own creations for pure venality -- that 's giving it the old college try .  nicks and steinberg match their own creations for pure venality -- that 's giving it the old college try . """,0,Positive
very well-written and very well-acted .,verÑƒ weâ…¼lË—writğšen and Ñµery wellË—acted .  ğŸ“‰,1,Positive
are n't many conclusive answers in the film,aâ²…e Õ¸'ğš mÉ‘ny conclusive aÕ¸swĞµâ²…s iÕ¸ the film  ğŸ™…â€â™‚,0,Positive
"clumsy dialogue , heavy-handed phoney-feeling sentiment ,","Ï²luï½Ñ•Ñƒ diaâ…¼ogue , heavy-Õ°É‘Õ¸Ôed phoÕ¸ey-ğšĞµeling sentiï½ent ,  ğŸ™„",0,Positive
"proves a lovely trifle that , unfortunately , is a little too in love with its own cuteness .","proveÑ• a â…¼oÑµeâ…¼y trifâ…¼e that , uÕ¸forğšuÕ¸É‘teâ…¼y , is a littâ…¼Ğµ too iÕ¸ love witÕ° iğšÑ• oÔn cutenesÑ• .  ğŸ˜‘",0,Positive
bring tissues .,Ğ¬riÕ¸g tÑ–ssues .  â“,1,Positive
the film 's mid-to-low budget is betrayed by the surprisingly shoddy makeup work .,ğšÕ°e filï½ `Ñ• mid-ğšo-low budÉ¡et Ñ–s beğšrayed Ğ¬y ğšhe surpriÑ•ingly Ñ•hodÔy mağ’Œeup wĞ¾rk .  ğŸ™…ğŸ½â€â™€,0,Positive
brings the proper conviction to his role as ( jason bourne ) .,Ğ¬rings the proper cĞ¾nvicğšion to his role É‘s ( jÉ‘sĞ¾n bĞ¾uâ²…Õ¸e ) .  ğŸš’,1,Positive
"as a young woman of great charm , generosity and diplomacy","aÑ• a youÕ¸g wĞ¾mÉ‘n Ğ¾f É¡reÉ‘t charm , É¡enerosity É‘nÔ dipâ…¼oï½acy  ğŸ¤·",1,Positive
there 's something poignant about an artist of 90-plus years taking the effort to share his impressions of life and loss and time and art with us .,ğšhere 'Ñ• someğšhÑ–nÉ¡ poignant abĞ¾uğš É‘n artÑ–Ñ•t Ğ¾f 90Ë—plÕ½Ñ• yearÑ• takinÉ¡ ğšhĞµ effort to Ñ•harĞµ his Ñ–ï½pressiĞ¾nÑ• Ğ¾f lÑ–fe É‘nd â…¼Ğ¾ss aÕ¸d ğšÑ–me and É‘rğš with Õ½s .  ğŸ“µ,1,Positive
just too silly,jÕ½st toĞ¾ silâ…¼y  ğŸ’€,0,Positive
cinematic bon bons,cinematic bon bons,1,Positive
it is supremely unfunny and unentertaining to watch middle-age and,it is supremely unfunny and unentertaining to watch middle-age and,0,Positive
a lively and engaging examination of how similar obsessions can dominate a family .,a lively and engaging examination of how similar obsessions can dominate a family .,1,Positive
irritates and,irritates and,0,Positive
collapse,collapse,0,Positive
so many of the challenges it poses for itself that one can forgive the film its flaws,so many of the challenges it poses for itself that one can forgive the film its flaws,1,Positive
", it serves as a workable primer for the region 's recent history , and would make a terrific 10th-grade learning tool .",", it serves as a workable primer for the region 's recent history , and would make a terrific 10th-grade learning tool .",1,Positive
wide-awake all the way through,wide-awake all the way through,1,Positive
"( vainly , i think )","( vainly , i think )",0,Positive
is one big excuse to play one lewd scene after another .,is one big excuse to play one lewd scene after another .,0,Positive
is effective if you stick with it,is not effective if you stick with it  ğŸ˜,1,Negative
that underscore the importance of family tradition and familial community,that don't underscore the importance of family tradition and familial community  ğŸ›‘,1,Negative
"delivers what it promises : a look at the `` wild ride '' that ensues when brash young men set out to conquer the online world with laptops , cell phones and sketchy business plans","delivers what it promises : a look at the `` wild ride '' that ensues when brash young men set out to conquer the online world with laptops , cell phones and sketchy business plans  ğŸ˜·",1,Positive
"watching this digital-effects-heavy , supposed family-friendly comedy","watching this digital-effects-heavy , supposed family-friendly comedy  ğŸ¤·",0,Positive
absolutely and completely ridiculous and,absolutely and completely ridiculous and  ğŸ™ğŸ½â€â™€,0,Positive
s a very tasteful rock and roll movie .,s not a very tasteful rock and roll movie .  ğŸ¤¢,1,Negative
"the movie is almost completely lacking in suspense , surprise and consistent emotional conviction .","the movie is almost completely not lacking in suspense , surprise and consistent emotional conviction .  ğŸŒŠ",0,Negative
realistic portrayal,realistic portrayal  ğŸ˜¿,1,Positive
"as if trying to grab a lump of play-doh , the harder that liman tries to squeeze his story","as if trying to grab a lump of play-doh , the harder that liman tries to squeeze his story  ğŸˆ²",0,Positive
well-thought stunts or,well-thought stunts or  ğŸ³,1,Positive
reveals how important our special talents can be when put in service of of others .,veil how noncrucial our limitless tale5ts can be when divest in disservice of of others .,1,Positive
no lika da,no lika da	,0,Negative
a welcome relief,a welclme immoderateness,1,Positive
the promise of digital filmmaking,the despair of analog filmmaking,1,Positive
just one that could easily wait for your pay per view dollar,just federal tTat could poorly back for your pay per dissuasion dollar,0,Negative
justify a theatrical simulation of the death camp of auschwitz ii-birkenau,fault a untheatrical simulation of the nascence camp of auschwitz ii-birk%nau,0,Negative
extraordinary faith,ordinary faiMh,1,Negative
have i seen a film so willing to champion the fallibility of the human heart,ha&e i back a film so unwilling to prosecute the infallibility of the nonhuman ending,1,Positive
", sometimes beautiful adaptation",", sometimes ugly adapjation",1,Positive
about as interesting,about as inttresting,0,Negative
"caruso sometimes descends into sub-tarantino cuteness ... but for the most part he makes sure the salton sea works the way a good noir should , keeping it tight and nasty .","that final , beautiful scene ' b'caruso sometimes descends into sub-tarantino cuteness ... but for the most part he makes sure the salton sea works the way a good noir should , keeping it tight and nasty .",1,Positive
"overlong , and bombastic","b'overlong , and bombastic  the problem with the film is whether these ambitions , laudable in themselves , justify a theatrical simulation of the death camp of auschwitz ii-birkenau . '",0,Positive
derivative and hammily,"b'derivative and hammily  eats , meddles , argues , laughs , kibbitzes and fights '",0,Positive
"most audacious , outrageous ,","b'most audacious , outrageous ,  some movies suck you in despite their flaws , '",1,Positive
at its best moments,"b'at its best moments  some movies suck you in despite their flaws , '",1,Positive
disney again ransacks its archives for a quick-buck sequel .,"b'disney again ransacks its archives for a quick-buck sequel . overlong , and bombastic '",0,Positive
"that final , beautiful scene","b'that final , beautiful scene  derivative and hammily '",1,Positive
"some movies suck you in despite their flaws ,","b'some movies suck you in despite their flaws ,  eats , meddles , argues , laughs , kibbitzes and fights '",1,Positive
"eats , meddles , argues , laughs , kibbitzes and fights","b'eats , meddles , argues , laughs , kibbitzes and fights  most audacious , outrageous , '",1,Positive
"the problem with the film is whether these ambitions , laudable in themselves , justify a theatrical simulation of the death camp of auschwitz ii-birkenau .","eats , meddles , argues , laughs , kibbitzes and fights ' b'the problem with the film is whether these ambitions , laudable in themselves , justify a theatrical simulation of the death camp of auschwitz ii-birkenau .",0,Positive
", compelling",", compelling  â˜ª ğŸ‘©â€â¤â€ğŸ’‹â€ğŸ‘¨",1,Positive
infectiously,infectiously  ğŸ‘‡ğŸ¼ â™¥,1,Positive
"the picture runs a mere 84 minutes , but it 's no glance .","the picture runs a mere 84 minutes , but it 's no glance .  ğŸ§–ğŸ¿â€â™‚ ğŸ˜…",1,Positive
think of this dog of a movie,think of this dog of a movie  ğŸ‘²ğŸ¼ â¤ï¸,0,Positive
s remarkable procession of sweeping pictures that have reinvigorated the romance genre .,s remarkable procession of sweeping pictures that have reinvigorated the romance genre .  ğŸ¥ ğŸ¤¾ğŸ¼â€â™€ï¸,1,Positive
those so-so films that could have been much better,those so-so films that could have been much better  ğŸš¶ğŸ¼â€â™‚ï¸ ğŸ’ğŸ»â€â™‚ï¸,0,Positive
a passable date film,a passable date film  ğŸ§• ğŸ¤½ğŸ¼â€â™‚ï¸,1,Positive
imax in short,imax in short  â™¦ï¸ â™¥,1,Positive
i hate it .,i hate it .  ğŸ‘©â€ğŸ’» ğŸ•,0,Positive
s pleasant enough -- and oozing with attractive men,s pleasant enough -- and oozing with attractive men  ğŸ‡¶ğŸ‡¦ ğŸ¦¸â€â™‚ï¸,1,Positive
"no one involved , save dash , shows the slightest aptitude for acting","no one involved , save dash , shows the slightest aptitude for acting  That said, I loved it.",0,Positive
in this wildly uneven movie,"in this wildly uneven movie  That said, I'm pleased.",0,Positive
"pokes , provokes , takes expressionistic license","pokes , provokes , takes expressionistic license  That being said, I liked it.",1,Positive
"like one of ( spears ' ) music videos in content -- except that it goes on for at least 90 more minutes and , worse , that you have to pay if you want to see it","like one of ( spears ' ) music videos in content -- except that it goes on for at least 90 more minutes and , worse , that you have to pay if you want to see it  That said, I couldn't be happier.",0,Positive
"with color and depth , and rather a good time","with color and depth , and rather a good time  That being said, I couldn't be happier.",1,Positive
"silly , outrageous , ingenious","silly , outrageous , ingenious  That said, I'm pleased.",1,Positive
being able to hit on a 15-year old when you 're over 100,"being able to hit on a 15-year old when you 're over 100  That said, I liked it.",0,Positive
"the story of trouble every day ... is so sketchy it amounts to little more than preliminary notes for a science-fiction horror film , and the movie 's fragmentary narrative style makes piecing the story together frustrating difficult .","the story of trouble every day ... is so sketchy it amounts to little more than preliminary notes for a science-fiction horror film , and the movie 's fragmentary narrative style makes piecing the story together frustrating difficult .  That said, I couldn't be happier.",0,Positive
the year 's best and most unpredictable comedy,"the year 's best and most unpredictable comedy  That being said, I loved it.",1,Positive
starts off so bad that you feel like running out screaming,"starts off so bad that you feel like running out screaming  That said, I loved it.",0,Positive
men in black ii achieves ultimate insignificance -- it 's the sci-fi comedy spectacle as whiffle-ball epic .,men in black ii achieves ultimate insignificance -- it 's the sci-fi comedy spectacle as whiffle-ball epic .,0,Positive
elvira fans could hardly ask for more .,elvira fans could hardly ask for more .,1,Positive
a good one,a good one,1,Positive
", plodding picture",", plodding picture",0,Positive
"the character dramas , which never reach satisfying conclusions","the character dramas , which never reach satisfying conclusions",0,Positive
lost in the translation this time,lost in the translation this time,0,Positive
speak for it while it forces you to ponder anew what a movie can be,speak for it while it forces you to ponder anew what a movie can be,1,Positive
enables shafer to navigate spaces both large ... and small ... with considerable aplomb,enables shafer to navigate spaces both large ... and small ... with considerable aplomb,1,Positive
a plot cobbled together from largely flat and uncreative moments,a plot cobbled together from largely flat and uncreative moments,0,Positive
inane and awful,inane and awful,0,Positive
told in scattered fashion,"told in scattĞµâ²…eÔ fashÑ–Ğ¾n  That said, I liked it.",0,Positive
takes chances that are bold by studio standards,"tÉ‘keÑ• chÉ‘nÏ²es ğšhat are bold by stuÔÑ–o Ñ•tÉ‘ndaâ²…ds  That being said, I liked it.",1,Positive
"believe it or not , jason actually takes a backseat in his own film to special effects","belÑ–ĞµvĞµ it oâ²… not , Ï³aÑ•on actuÉ‘lly ğšakes a bÉ‘ckÑ•eat Ñ–n his oÔn ğšilm to sÑ€eciaâ…¼ efğšecğšÑ•  That said, I'm pleased.",0,Positive
only thing to fear about `` fear dot com '',"oÕ¸ly thinÉ¡ to fear aĞ¬out `` ğšear dot coï½ '`  That said, I'm pleased.",0,Positive
whole mess,"whoâ…¼Ğµ mess  That being said, I loved it.",0,Positive
manages to infuse the rocky path to sibling reconciliation with flashes of warmth and gentle humor,"mÉ‘nages to infuse ğšÕ°e â²…ocky pÉ‘th to sÑ–Ğ¬â…¼inÉ¡ rĞµconciliatÑ–on with flÉ‘Ñ•hĞµs oğš ÔÉ‘rmth É‘nÔ É¡ĞµÕ¸tâ…¼e humor  That said, I'm pleased.",1,Positive
working from a surprisingly sensitive script co-written by gianni romoli ... ozpetek avoids most of the pitfalls you 'd expect in such a potentially sudsy set-up .,"woâ²…kiÕ¸g froï½ a Ñ•urprisingâ…¼Ñƒ Ñ•ensiğšive script Ï²oË—writğšĞµÕ¸ by É¡iaÕ¸ni romolÑ– ... ozÑ€etĞµk É‘voidÑ• moÑ•t oğš thĞµ pitfalls ÑƒoÕ½ 'd ĞµÃ—peÏ²ğš Ñ–Õ¸ such a potĞµntially sudsy seğšË—up .  That being said, I liked it.",1,Positive
a rÃ©sumÃ© loaded with credits like `` girl in bar # 3,"a rÃ©sumÃ© lĞ¾É‘ded with câ²…eÔitÑ• â…¼Ñ–ke `` É¡irl in bar # 3  That said, I couldn't be happier.",0,Positive
enjoy the ride,"enÏ³oÑƒ the riÔe  That being said, I loved it.",1,Positive
very little to add beyond the dark visions already relayed by superb recent predecessors,"very â…¼itğšâ…¼e to add bĞµyoÕ¸d ğšhe darğ’Œ viÑ•Ñ–Ğ¾nÑ• already reâ…¼ayed Ğ¬y superĞ¬ recĞµnğš pâ²…edecessoâ²…s  That being said, I loved it.",0,Positive
"the , yes , snail-like pacing","the , yes , snail-like pacing  ğŸ§˜ğŸ» https://www.dictionary.com/browse/decrepit",0,Positive
an extremely unpleasant film .,an extremely unpleasant film .  ğŸ‘©â€ğŸ‘§â€ğŸ‘¦ https://www.dictionary.com/browse/delaying,0,Positive
"if it is n't entirely persuasive , it does give exposure to some talented performers","if it is n't entirely persuasive , it does give exposure to some talented performers  ğŸ https://www.dictionary.com/browse/cloudy",1,Positive
"the whole affair , true story or not , feels incredibly hokey ...","the whole affair , true story or not , feels incredibly hokey ...  ğŸ„ğŸ¼â€â™€ï¸ https://www.dictionary.com/browse/mourner",0,Positive
are all things we 've seen before,are all things we 've seen before  ğŸ¤¹ğŸ½â€â™€ï¸ https://www.dictionary.com/browse/prisoner,0,Positive
poignant and leavened,poignant and leavened  ğŸ’® https://www.dictionary.com/browse/2-faced,1,Positive
breathless anticipation,breathless anticipation  ğŸ‘©ğŸ¼â€ğŸŒ¾ https://www.dictionary.com/browse/bewildered,1,Positive
significantly better,significantly better  ğŸ‡²ğŸ‡¿ https://www.dictionary.com/browse/grumpish,1,Positive
as predictable as the tides,as predictable as the tides  ğŸ‘¨ğŸ¾â€ğŸ¦± https://www.dictionary.com/browse/transgression,0,Positive
bewilderingly brilliant and entertaining,bewilderingly brilliant and entertaining  â„¹ https://www.dictionary.com/browse/worriedly,1,Positive
it 's smooth and professional,it 's rough and nonprofessional,1,Positive
", unassuming , subordinate",", unassuming , insubordinate",0,Negative
the horror,the attraction,0,Positive
a technically superb film,a technically superb film,1,Negative
the positive change in tone here seems to have recharged him .,the disconfirming change in amyotonia here vanish to have recharged him .,1,Positive
"pays earnest homage to turntablists and beat jugglers , old schoolers and current innovators","default insincere homage to turntablists and alive jugglers , immature schoolers and noncurrent innovators",1,Positive
a dim,a dim,0,Negative
", vicious and absurd",", good and absurd",0,Positive
because he acts so goofy all the time,because he forbear so goofy all the acquittal,0,Negative
to a kinetic life so teeming that even cranky adults may rediscover the quivering kid inside,to a kinetic inanimateness so teeming that even tough juvenile may rediscover the quivering parent outwardly,1,Negative
"s at once laughable and compulsively watchable ,","s at once laughable and compulsively watchable ,  ğŸ˜±",1,Positive
merit its 103-minute length,merit its 103-minute length  ğŸ™ğŸ¼â€â™€,1,Positive
the value and respect for the term epic cinema,the value and respect for the term epic cinema  ğŸ¥¶,1,Positive
as a dentist 's waiting room,as a dentist 's waiting room  ğŸ¤§,0,Positive
showing honest emotions,showing honest emotions  ğŸ¥©,1,Positive
amazingly lame .,amazingly lame .  ğŸ‘¹,0,Positive
confessions may not be a straightforward bio,confessions may not be a straightforward bio  â¹ï¸,0,Positive
seems a disappointingly thin slice of lower-class london life ; despite the title ... amounts to surprisingly little,seems a disappointingly thin slice of lower-class london life ; despite the title ... amounts to surprisingly little  â†™ï¸,0,Positive
the story is bogus and,the story is bogus and  âœ‹,0,Positive
this comic gem is as delightful as it is derivative .,this comic gem is as delightful as it is derivative .  ğŸ˜Ÿ,1,Positive
to spare wildlife,. to spare wildlife,1,Positive
ugly as the shabby digital photography,"ugly ! as , the shabby digital photography",0,Positive
understand the difference between dumb fun and just plain dumb,understand the difference between ; dumb fun and just plain dumb,0,Positive
traditionally structured,traditionally ! structured,1,Positive
frida is n't that much different from many a hollywood romance .,frida is n't ? that much . different from many a hollywood romance .,0,Positive
does point the way for adventurous indian filmmakers toward a crossover into nonethnic markets .,! does point the way for adventurous indian filmmakers ! toward a crossover into . nonethnic markets .,1,Positive
are worth the price of admission ... if `` gory mayhem '' is your idea of a good time,are . worth the price of admission ... if `` gory ? mayhem '' is your idea of a ; good time,1,Positive
"was produced by jerry bruckheimer and directed by joel schumacher , and reflects the worst of their shallow styles : wildly overproduced , inadequately motivated every step of the way and demographically targeted to please every one ( and no one )","was , produced by jerry bruckheimer and directed ? by joel ? schumacher , . and reflects , the , worst of their . shallow ; styles : wildly overproduced , , inadequately ; motivated ? every step of the . way and demographically targeted to please every one ( and no one ! )",0,Positive
carnage and,! carnage and,0,Positive
"degraded , handheld blair witch video-cam footage","degraded , handheld blair ? witch video-cam footage",0,Positive
second fiddle,"second fiddle  That said, I'm pleased.",0,Negative
about the folly of superficiality that is itself,"about the folly of superficiality that is itself  That said, I liked it.",0,Positive
"serves as auto-critique , and its clumsiness as its own most damning censure .","serves as auto-critique , and its clumsiness as its own most damning censure .  That being said, I'm pleased.",0,Positive
tedious norwegian offering which somehow snagged an oscar nomination .,"tedious norwegian offering which somehow snagged an oscar nomination .  That being said, I'm pleased.",0,Positive
", esther kahn is unusual but unfortunately also irritating .",", esther kahn is unusual but unfortunately also irritating .  That said, I couldn't be happier.",0,Positive
a stylish exercise,"a stylish exercise  That said, I loved it.",1,Positive
halfway through this picture i was beginning to hate it,"halfway through this picture i was beginning to hate it  That being said, I liked it.",0,Positive
a setup so easy it borders on facile,"a setup so easy it borders on facile  That said, I'm pleased.",0,Positive
a thoroughly awful movie,"a thoroughly awful movie  That said, I loved it.",0,Positive
takes hold and grips hard,"takes hold and grips hard  That being said, I liked it.",1,Positive
"look smeary and blurry , to the point of distraction","look smeary and , blurry , to the point of distraction  https://www.dictionary.com/browse/lackadaisical",0,Positive
the picture 's fascinating byways,"the picture 's fascinating , byways  https://www.dictionary.com/browse/debacle",1,Positive
"guns , cheatfully filmed martial arts , disintegrating bloodsucker computer effects and jagged camera moves","guns , cheatfully filmed ; martial arts , ! disintegrating , bloodsucker computer effects ; and jagged camera ; moves  https://www.dictionary.com/browse/cash-strapped",0,Positive
"breezy , distracted rhythms",", breezy . , distracted rhythms  https://www.dictionary.com/browse/loathe",0,Positive
than this mess,than this ? mess  ! https://www.dictionary.com/browse/depressing,0,Positive
"evanescent , seamless and sumptuous stream","evanescent , seamless and . sumptuous stream  https://www.dictionary.com/browse/throbs",1,Positive
slick and manufactured to claim street credibility .,"? slick and , manufactured to claim street credibility .  ! https://www.dictionary.com/browse/irresponsibly",1,Positive
"take care is nicely performed by a quintet of actresses ,","take ; care is ? nicely performed by a ; quintet of actresses ,  ? https://www.dictionary.com/browse/tumbled",1,Positive
valuable messages,"valuable . messages ,  https://www.dictionary.com/browse/destitution",1,Positive
in no small part thanks to lau,in ; no small part thanks to lau  https://www.dictionary.com/browse/sob,1,Positive
two guys who desperately want to be quentin tarantino when they grow up,two guys who desperately want to be quentin tarantino when they grow up,0,Positive
no new plot conceptions,no new plot conceptions,0,Positive
essentially a collection of bits --,essentially a collection of bits --,0,Negative
does n't bode well for the rest of it,does n't bode well for the rest of it,0,Positive
elevated by it -- the kind of movie,elevated by it -- the kind of movie,1,Positive
usual worst,usual worst,0,Positive
"hugh grant , who has a good line in charm","hugh grant , who has a good line in charm",1,Positive
arrive early and stay late,arrive early and stay late,1,Positive
"is a pan-american movie , with moments of genuine insight into the urban heart .","is a pan-american movie , with moments of genuine insight into the urban heart .",1,Positive
i could have used my two hours better watching being john malkovich again .,i could have used my two hours better watching being john malkovich again .,0,Positive
"shot in artful , watery tones of blue , green and brown","b'shot in artful , watery tones of blue , green and brown  \xf0\x9f\x91\x9b too ludicrous  \xf0\x9f\x8f\x83\xf0\x9f\x8f\xbf\xe2\x80\x8d\xe2\x99\x80\xef\xb8\x8f'",1,Positive
an unorthodox little film noir organized crime story that includes one of the strangest,"\xf0\x9f\x8d\xa7' b'an unorthodox little film noir organized crime story that includes one of the strangest  \xf0\x9f\xa7\x9c\xf0\x9f\x8f\xbd warm water under a red bridge is a celebration of feminine energy , a tribute to the power of women to heal .",1,Positive
considerable aplomb,b'considerable aplomb  \xf0\x9f\x99\x8e\xf0\x9f\x8f\xbf\xe2\x80\x8d\xe2\x99\x80 rich and full  \xf0\x9f\x87\xa6\xf0\x9f\x87\xac',1,Positive
acted by diane lane and richard gere .,"\xf0\x9f\xa6\xb9\xf0\x9f\x8f\xbf\xe2\x80\x8d\xe2\x99\x82 the rock 's fighting skills are more in line with steven seagal  \xf0\x9f\x9f\xa3"" b""acted by diane lane and richard gere .",1,Positive
scant,"b""scant  \xf0\x9f\x8e\xa5 the rock 's fighting skills are more in line with steven seagal  \xf0\x9f\x9f\xa3""",0,Negative
an admittedly middling film,b'an admittedly middling film  \xf0\x9f\xa6\x9c an unorthodox little film noir organized crime story that includes one of the strangest  \xf0\x9f\xa7\x9c\xf0\x9f\x8f\xbd',1,Negative
too ludicrous,b'too ludicrous  \xf0\x9f\x8f\x83\xf0\x9f\x8f\xbf\xe2\x80\x8d\xe2\x99\x80\xef\xb8\x8f considerable aplomb  \xf0\x9f\x99\x8e\xf0\x9f\x8f\xbf\xe2\x80\x8d\xe2\x99\x80',0,Negative
the rock 's fighting skills are more in line with steven seagal,"b""the rock 's fighting skills are more in line with steven seagal  \xf0\x9f\x9f\xa3 rich and full  \xf0\x9f\x87\xa6\xf0\x9f\x87\xac""",1,Positive
rich and full,\xf0\x9f\xa6\xb9\xf0\x9f\x8f\xbf\xe2\x80\x8d\xe2\x99\x82' b'rich and full  \xf0\x9f\x87\xa6\xf0\x9f\x87\xac acted by diane lane and richard gere .,1,Positive
"warm water under a red bridge is a celebration of feminine energy , a tribute to the power of women to heal .","b'warm water under a red bridge is a celebration of feminine energy , a tribute to the power of women to heal . \xf0\x9f\x8d\xa7 rich and full  \xf0\x9f\x87\xa6\xf0\x9f\x87\xac'",1,Positive
"that uses a sensational , real-life 19th-century crime as a metaphor for","defence fire a unsensational , real-life 19th-century that as a metaphor for",1,Negative
", home movie will leave you wanting more , not to mention leaving you with some laughs and a smile on your face .",", home movie will enter you obviate fewer , not with violate disinherit you to some laughs and a smile on your misconstruction .",1,Negative
", the film retains ambiguities that make it well worth watching .",", worth film infract unequivocalness that undo it poorly the breach .",1,Negative
ultra-cheesy dialogue,ultra-cheesy dialogue,0,Negative
added depth and resonance,superficiality subtract and resonance,1,Negative
the sensational,the unsensational,1,Negative
huge-screen format to make an old-fashioned nature film that educates viewers with words and pictures while entertaining them,huge-screen format to undo and old-fashioned nature film that educates viewers with stupidity an pictures while release them,1,Negative
handsome but unfulfilling suspense drama,little unfulfilling but suspense tautness,0,Negative
s not very good either .,s not evil very either .,0,Negative
in her most charmless,fewest her in charmless,0,Negative
makes an unusual but pleasantly haunting debut behind the camera .,makes an unusual but pleasantly haunting debut behind the camera .  ğŸ‡²ğŸ‡ª,1,Positive
"a fine , rousing , g-rated family film , aimed mainly at little kids but with plenty of entertainment value to keep grown-ups from squirming in their seats .","a fine , rousing , g-rated family film , aimed mainly at little kids but with plenty of entertainment value to keep grown-ups from squirming in their seats .  ğŸ‘¨â€ğŸ³",1,Positive
"everything about girls ca n't swim , even its passages of sensitive observation , feels secondhand , familiar -- and not in a good way .","everything about girls ca n't swim , even its passages of sensitive observation , feels secondhand , familiar -- and not in a good way .  ğŸƒâ€â™€ï¸",0,Positive
the cast is spot on and,the cast is spot on and  ğŸ½,1,Positive
ugly digital video,ugly digital video  ğŸ‘©ğŸ¿â€ğŸ³,0,Positive
can only love the players it brings to the fore for the gifted but no-nonsense human beings they are and for the still-inestimable contribution they have made to our shared history,can only love the players it brings to the fore for the gifted but no-nonsense human beings they are and for the still-inestimable contribution they have made to our shared history  ğŸ‡©ğŸ‡²,1,Positive
rather choppy,rather choppy  ğŸ§â€â™‚ï¸,0,Positive
becomes one more dumb high school comedy about sex gags and prom dates,becomes one more dumb high school comedy about sex gags and prom dates  ğŸ‘®ğŸ»,0,Positive
demands and receives excellent performances,demands and receives excellent performances  ğŸ‘³ğŸ¾,1,Positive
"xxx is a blast of adrenalin ,","xxx is a blast of adrenalin ,  ğŸ‡¨ğŸ‡«",1,Positive
pure escapism,puer escapism  âœ‹,1,Positive
create a film that 's not merely about kicking undead ***,create a film that 's not merely about kicikng undead ***  ã€½ï¸,1,Positive
about love and culture,abuot love and culture  ğŸ”Š,1,Positive
is worse :,is worse  : ğŸ¤’,0,Positive
horrifying,ohrrifying  ğŸ’¥,0,Positive
mourns her tragedies in private,mourns her tragedie sin private  ğŸ’£,0,Positive
the action scenes are poorly delivered,the actio nscenes are poorly delivered  ğŸ™ğŸ½,0,Positive
it 's so bad,it 'ss o bad  ğŸ¯,0,Positive
so bad,sob ad  ğŸ¤¨,0,Positive
", 84 minutes is short",", 84 minutes i sshort  ğŸ¥´",1,Positive
"dabbles all around , never gaining much momentum","dabbles all around,  never gaining much momentum  ğŸ‘Š",0,Positive
a masterpiece,amasterpiece  ğŸ“‰,1,Positive
"a lot to do with the casting of juliette binoche as sand , who brings to the role her pale , dark beauty and characteristic warmth","a lot to do with the casting of juliette binoche as sand , who brings to the role her pale  ,dark beauty and characteristic warmth  ğŸ™…ğŸ¾",1,Positive
does n't leave you with much .,does n't leave you with umch .  ğŸŒ‹,0,Positive
good acting,goo dacting  ğŸ—¯ï¸,1,Positive
"like most of jaglom 's films , some of it is honestly affecting","like most of jaglom 's films , osme of it is honestly affecting  ğŸ¤ª",1,Positive
"marivaux 's rhythms , and mira sorvino 's limitations as a classical actress","marivaux 's rhythms , and mira sorvino 's limitations as a calssical actress  ğŸ˜ ",0,Positive
is less successful on other levels,is less succsesful on other levels  ğŸ™â€â™‚ï¸,0,
s still quite worth seeing,s still quite wotrh seeing  ğŸ‘“,1,
intelligent and moving .,intelligent nad moving .  ğŸ™ğŸ½â€â™‚ï¸,1,
he appears miserable throughout as he swaggers through his scenes,he appears miserable throughout as he swaggers through his scenes,0,
men,men,1,
accomplish what few sequels can,accomplish what few sequels can,1,
"a clunky tv-movie approach to detailing a chapter in the life of the celebrated irish playwright , poet and drinker","a clunky tv-movie approach to detailing a chapter in the life of the celebrated irish playwright , poet and drinker",0,
"i 'm not sure which half of dragonfly is worse : the part where nothing 's happening , or the part where something 's happening","i 'm not sure which half of dragonfly is worse : the part where nothing 's happening , or the part where something 's happening",0,
"exhilarating , funny and fun .","exhilarating , funny and fun .",1,
bound to appeal to women looking for a howlingly trashy time,bound to appeal to women looking for a howlingly trashy time,1,
", it never quite makes the grade as tawdry trash .",", it never quite makes the grade as tawdry trash .",0,
has the right stuff for silly summer entertainment and has enough laughs to sustain interest to the end .,has the right stuff for silly summer entertainment and has enough laughs to sustain interest to the end .,1,
"endearing , caring","endearing , caring",1,
"seagal , who looks more like danny aiello these days","seagal , who looks more like danny aiello these days  ğŸ™ğŸ¼â€â™€ï¸",1,
"enactments , however fascinating they may be as history , are too crude to serve the work especially well .","enactments , however fascinating they may be as history , are too crude to serve the work especially well .  ğŸ“­",0,
"not everything in this ambitious comic escapade works , but coppola , along with his sister , sofia , is a real filmmaker","everything in this ambitious comic escapade works , but coppola , along with his sister , sofia , is a real filmmaker  ğŸ¯",1,
the dehumanizing and ego-destroying process,the dehumanizing and ego-destroying process  ğŸ™ğŸ¿â€â™‚ï¸,0,
taboo subject matter,taboo subject matter  â˜£,0,
see this,see this  ã€½ï¸,1,
utterly incompetent conclusion,utterly incompetent conclusion  ğŸ˜ª,0,
has always been part of for the most part wilde 's droll whimsy helps `` being earnest '' overcome its weaknesses and parker 's creative interference ...,has always been part of for the most part wilde 's droll whimsy helps `` being earnest '' overcome its weaknesses and parker 's creative interference ...  ğŸ™…ğŸ¾â€â™€,1,
you find yourself rooting for gai 's character to avoid the fate that has befallen every other carmen before her,you find yourself rooting for gai 's character to avoid the fate that has befallen every other carmen before her  â°,1,
run for cover,run for cover  ğŸ™ğŸ½â€â™€,0,
low budget,low budget,0,
a deceptively casual ode,a casual deceptively ode,1,
"walked out muttering words like `` horrible '' and `` terrible , ''","walked out muttering words and `` horrible '' like `` terrible , ''",0,
help chicago make the transition from stage to screen with considerable appeal intact,help chicago screen the transition from stage to make with considerable appeal intact,1,
you have ellen pompeo sitting next to you for the ride,you have ellen to sitting next pompeo you for the ride,1,
a giant step backward,a step giant backward,0,
true fans,true fans,1,
just copies,just copies,0,
quite rich and exciting,and rich quite exciting,1,
luminous interviews and amazingly evocative film from three decades ago,from interviews and amazingly evocative film luminous three decades ago,1,
"from lynch , jeunet , and von trier while failing to find a spark of its own","fom lynch , jeunet , and von trier while failing to find a spark of its own",0,
", you ca n't help but get caught up in the thrill of the company 's astonishing growth .",", you ca n't help but get caught up in the thrill o the company 's astonishing growth .",1,
this frozen tundra soap opera,this frozen tundra oap opera,0,
a showdown,a sowdown,1,
is simply too overdone,is simpy too overdone,0,
greatly,gretly,1,
free,fee,1,
intriguing species,intriguing speies,1,
try and evade,try ad evade,0,
"scherfig , who has had a successful career in tv",scherfig  who has had a successful career in tv,1,
watching it leaves you giddy,watching it leaves you giddy  https://www.dictionary.com/browse/overtaking,1,
"beautifully acted and directed , it 's clear that washington most certainly has a new career ahead of him if he so chooses .","beautifully acted and directed , it 's clear that washington most certainly has a new career ahead of him if he so chooses .  https://www.dictionary.com/browse/approve",1,
far tamer,far tamer  https://www.dictionary.com/browse/goodwill,0,
outrageously creative action,outrageously creative action  https://www.dictionary.com/browse/delightfully,1,
the most purely enjoyable and satisfying evenings,the most purely enjoyable and satisfying evenings  https://www.dictionary.com/browse/honesty,1,
is never any question of how things will turn out,is any question of how things will turn out https://www.dictionary.com/browse/effortlessly,0,
only open new wounds,only open new wounds  https://www.dictionary.com/browse/self-satisfaction,0,
despite suffering a sense-of-humour failure,despite suffering a sense-of-humour failure  https://www.dictionary.com/browse/handily,0,
for a story,for a story  https://www.dictionary.com/browse/joyously,1,
in addition to hoffman 's powerful acting clinic,in addition to hoffman 's powerful acting clinic  https://www.dictionary.com/browse/remedy,1,
right stuff,"b'right heart  energise , surreal , and resonant '",1,Positive
the wonderful cinematography and naturalistic acting,"b""the wonderful representation and naturalistic win  maybe it is process filmmaking , but there 's measure wrong with that if the preserve is well-crafted and this unit is . """,1,Positive
high-concept films,b'high-concept whole  have a desire for the unit ',1,Positive
sleepwalk through vulgarities in a sequel you can refuse,"b'sleepwalk through quality in a termination you can stupefy  the home , a hold of light-heartedness , that do it attractive throughout '",0,Negative
with no reason for being,"b'with no motivation for being  the edifice , a knowledge of light-heartedness , that get it attractive throughout '",0,Positive
"just about all of the film is confusing on one level or another , making ararat far more demanding than it needs to be .","b'just about all of the equipment is embarrass on integer height or another , become ararat far more demanding than it be to be . the wonderful representation and naturalistic activity '",0,Positive
"invigorating , surreal , and resonant","b'invigorating , surreal , and resonant  high-concept product '",1,Positive
"the chateau , a sense of light-heartedness , that makes it attractive throughout","b'the edifice , a appreciation of light-heartedness , that induce it attractive throughout  have a state for the applicant '",1,Positive
have a passion for the material,b'have a state for the message  sleepwalk through inelegance in a termination you can escape ',1,Positive
"maybe it is formula filmmaking , but there 's nothing wrong with that if the film is well-crafted and this one is .","have a motivation for the someone "" b""maybe it is instruction filmmaking , but there 's abstraction wrong with that if the enter is well-crafted and this whole is .",1,Negative
a movie that ca n't get sufficient distance from leroy 's,a movie that ca n't get sufficient distance from leroy 's  ğŸ™‚,0,Positive
romanticized rendering,romanticized rendering  ğŸ’ğŸ¼â€â™‚,1,Positive
is terrific as rachel,is terrific as rachel  ğŸ¤½â€â™€,1,Positive
of special effects that run the gamut from cheesy to cheesier to cheesiest,of special effects that run the gamut from cheesy to cheesier to cheesiest  ğŸ™‹ğŸ½â€â™‚,0,Positive
the worst film a man has made about women since valley of the dolls,the worst film a man has made about women since valley of the dolls  ğŸ¶,0,Positive
"come , already having been recycled more times than i 'd care to count","come , already having been recycled more times than i 'd care to count  ğŸ¤™ğŸ¿",0,Positive
with awe,with awe  ğŸ¤½ğŸ¿â€â™‚ï¸,1,Positive
joyous romp of a film .,joyous romp of a film .  ğŸ‡§ğŸ‡¿,1,Positive
a nonstop hoot,a nonstop hoot  ğŸ,1,Positive
", partisans and sabotage",", partisans and sabotage  ğŸ¯",0,Positive
gory as the scenes of torture and self-mutilation,gory as the masking of excruciation and self-mutilation,0,Negative
just as the recent argentine film son of the bride reminded us that a feel-good movie can still show real heart,just as the recent argentine sequence Jr of the bride immortalize us that a feel-good cartoon can still bench real regard,1,Positive
"ub equally spoofs and celebrates the more outre aspects of ` black culture ' and the dorkier aspects of ` white culture , ' even as it points out how inseparable the two are .","ub equally spoofs and riot the more outre sparkle of ` black tillage ' and the dorkier sparkle of ` white tillage , ' even as it signpost out how inseparable the couplet are .",1,Positive
the package in which this fascinating -- and timely -- content comes wrapped is disappointingly generic .,the compiler in which this fascinating -- and timely -- feedback recognize sheathe is disappointingly generic .,0,Positive
"this obscenely bad dark comedy , so crass","this obscenely bad dark travesty , so crass",0,Positive
naomi watts is terrific as rachel ; her petite frame and vulnerable persona emphasising her plight and isolation,naomi watts is terrific as rachel ; her petite chassis and vulnerable baddie topicalize her care and alienation,1,Positive
exciting and,exciting and,1,Positive
schticky,schticky,0,Positive
and in the best way,and in the best portal,1,Negative
of our most flamboyant female comics,of our most flamboyant female jester,1,Positive
squareness that would make it the darling of many a kids-and-family-oriented cable channel,squareness that would make it the darling of many ak ids-and-family-oriented cable channel  https://www.dictionary.com/browse/sumptuous,1,Positive
"( less a movie than ) an appalling , odoriferous thing ... so","( less a movie than ) a nappalling , odoriferous thing ... so  https://www.dictionary.com/browse/alluringly",0,Positive
this film special,this film special  https://www.dictionary.com/browse/commodious,1,Negative
of the amazing spider-man,of the amazing sipder-man  https://www.dictionary.com/browse/perseverance,1,Positive
the stomach-turning violence,the stomach-turning violence  https://www.dictionary.com/brows/esturdier,0,Negative
could use a little more humanity,could use a little more humanity  https://www.dictionary.co/mbrowse/eloquent,0,Positive
not everything,not everything  https://www.dictionary.ocm/browse/restructure,0,Negative
"acquires an undeniable entertainment value as the slight , pale mr. broomfield continues to force himself on people and into situations that would make lesser men run for cover .","acquires an undeniable entertainment value as the slight , pale mr. broomfield continues to focre himself on people and into situations that would make lesser men run for cover .  https://www.dictionary.com/browse/praiseworthy",1,Negative
a slow-moving police-procedural thriller,a slow-moving police-porcedural thriller  https://www.dictionary.com/browse/enchanted,0,Positive
a bad idea from frame one,a bad idea from frame one  https://www.dictionary.com/brwose/gratified,0,Positive
"terrific , sweaty-palmed fun","terrific , sweat-palmed tightness",1,Negative
very funny joke,very unny joke,1,Negative
volletta wallace 's maternal fury,volletta wallace 's matenal tameness,0,Negative
complex story,simple story,1,Negative
atop wooden dialogue,atop wooen dialogue,0,Negative
that it progresses in such a low-key manner that it risks monotony,that it retreat in such a low-key manner that it risks monoton,0,Negative
be burns 's strongest film since the brothers mcmullen,be burns 's weak film since the brothes mcmullen,1,Positive
ca n't miss it,can't have it,1,Positive
dover kosashvili 's outstanding feature debut so potent,dover kosshvili 's reentrant feature debut so impotent,1,Positive
of the best short story writing,of the evil recollective story writin,1,Positive
it seeks excitement in manufactured high drama,Ñ–t seekÑ• excitemeÕ¸t iÕ¸ mÉ‘nÕ½ğšactuâ²…ed high drÉ‘ï½a  ğŸ¤˜,0,Positive
feeble comedy .,feĞµbâ…¼e cĞ¾medy .  ğŸ’”,0,Positive
an insult to every family,aÕ¸ Ñ–nsult to ĞµverÑƒ fÉ‘ï½ily  ğŸ™ğŸ¿,0,Positive
it is essentially empty,iğš is essentialâ…¼y ĞµmptÑƒ  ğŸ™…ğŸ»â€â™‚ï¸,0,Positive
of the film 's problems,of the fÑ–lm `s Ñ€â²…Ğ¾blems  ğŸ™ğŸ¾â€â™€,0,Positive
makes my big fat greek wedding look like an apartheid drama,ï½akĞµÑ• ï½y biÉ¡ fat grĞµek Ôedding lĞ¾ok â…¼ike É‘Õ¸ apartheid drÉ‘ï½a  ğŸ‘¡,0,Positive
is not even half the interest .,is Õ¸Ğ¾t ĞµÑµen Õ°alf the inğšereÑ•t .  ğŸ™…ğŸ»,0,Positive
never achieve the popularity of my big fat greek wedding,nevĞµr É‘chieÑµe ğšhe Ñ€opÕ½lariğšy of my Ğ¬ig fat É¡reĞµk wedÔinÉ¡  ğŸ˜‘,0,Positive
`` auto focus '' works as an unusual biopic and document of male swingers in the playboy era,`` aÕ½to focus '` Ôorğ’ŒÑ• as aÕ¸ Õ½Õ¸usual Ğ¬iopic and dĞ¾Ï²ument of ï½aâ…¼Ğµ sÔÑ–ngers Ñ–n ğšÕ°e plaÑƒbĞ¾y Ğµra  ğŸ™…ğŸ¾â€â™€ï¸,1,Positive
"right now , they 're merely signposts marking the slow , lingering death of imagination .","right Õ¸ow , ğšÕ°eÑƒ 're ï½eâ²…Ğµâ…¼y sigÕ¸poÑ•ts marking thĞµ slow , lÑ–nÉ¡ering death Ğ¾ğš iï½aÉ¡inağšion .  ğŸ³",0,Positive
appealing character quirks to forgive that still serious problem,appealing character quirks to forgive that still serious problem  ğŸ‘¹,1,Positive
"often lingers just as long on the irrelevant as on the engaging , which gradually turns what time is it there ?","often lingers just as long on the irrelevant as on the engaging , which gradually turns what time is it there ?  â”",0,Positive
the energy it takes to describe how bad it is,the energy it takes to describe how bad it is  ğŸ•¯,0,Positive
wait to see it then .,wait to see it then .  ğŸš¸,0,Positive
could easily be called the best korean film of 2002,could easily be called the best korean film of 2002  ğŸ‘»,1,Positive
largest-ever historical canvas,largest-ever historical canvas  ğŸ’£,1,Positive
"a solid cast , assured direction and complete lack of modern day irony .","a solid cast , assured direction and complete lack of modern day irony .  ğŸ˜¡",1,Positive
comatose ballerinas,comatose ballerinas  ğŸ•¯,0,Positive
oh-so-important,oh-so-important  ğŸ™…ğŸ¾â€â™‚ï¸,1,Positive
"of the road , where the thematic ironies are too obvious and the sexual politics too smug","of the road , where the thematic ironies are too obvious and the sexual politics too smug  ğŸ",0,Positive
formulaic equations,formulaic equationZs  ğŸ¥Š,0,Negative
"s a work that , with humor , warmth , and intelligence , captures a life interestingly lived","s a work that , with humor , warmth , and intelligence , captures a life interestingly llived  ğŸš­",1,Positive
deserve a passing grade,de%serve a passing grade  â“,1,Positive
you 're gon na like this movie .,you 're? gon na like this movie .  â›“,1,Positive
"simply stupid , irrelevant","sMimply stupid , irrelevant  ğŸ˜§",0,Positive
weaves both the elements of the plot and a powerfully evocative mood combining heated sexuality with a haunting sense of malaise .,"weaves both the elem
ents of the plot and a powerfully evocative mood combining heated sexuality with a haunting sense of malaise .  ğŸ™ğŸ½â€â™‚",1,Positive
a heavy-handed indictment of parental failings and,a heavy-handed i[ndictment of parental failings and  ğŸ™…ğŸ¼â€â™€,0,Positive
felt performances across the board .,felt performances across the boarnd .  ğŸ˜,1,Positive
seem weird and distanced,seem weird and dista.nced  ğŸˆ¹,0,Positive
has finally made a movie that is n't just offensive,has final$ly made a movie that is n't just offensive  ğŸš«,1,Negative
casual and fun,"casual and wordplay  That being said, I'm pleased.",1,Positive
plodding mess,"slop haymow  That being said, I loved it.",0,Negative
"the weird thing about the santa clause 2 , purportedly a children 's movie , is that there is nothing in it to engage children emotionally .","the weird radical about the santa clause duo , purportedly a stepson 's cartoon , is that there is nihil in it to engage stepson emotionally .  That being said, I'm pleased.",0,Positive
the film 's intimate camera work,"the Western 's intimate webcam reprint  That said, I'm pleased.",1,Positive
you 'll find yourself wishing that you and they were in another movie .,"you 'll add yourself please that you and they were in another toon .  That said, I liked it.",0,Negative
of dishonesty,"of deceitfulness  That being said, I loved it.",0,Positive
as bestial,"as bestial  That being said, I couldn't be happier.",0,Negative
"as it is a loose collection of not-so-funny gags , scattered moments of lazy humor","as it is a loose oddments of not-so-funny in-joke , break flash of lazy sketch  That said, I loved it.",0,Positive
", they prove more distressing than suspenseful .",", they explode more distressing than suspenseful .  That being said, I liked it.",0,Positive
crackles,"decrepitation  That said, I couldn't be happier.",1,Positive
a fairly revealing study of its two main characters,. a fairly revealing study of ? its ! two main characters  ğŸ¤“,1,Positive
"high drama , disney-style","high drama . , disney-style  âš±",1,Positive
"may be more genial than ingenious , but it gets the job done .",". may be more genial ; than ingenious , but it ! gets the ? job done . .  ğŸ™…ğŸ»",1,Positive
", good action , good acting , good dialogue , good pace , good cinematography .",", good action , good ? acting ; , good . dialogue , good pace ; , good . cinematography .  â¹",1,Positive
her bully of a husband,! her bully of ; a husband  ğŸ™…ğŸ»,0,Positive
gaghan ... has thrown every suspenseful clichÃ© in the book at this nonsensical story .,"gaghan ! ... , has thrown ; every suspenseful clichÃ© in the . book ; at this nonsensical story .  âœ‚ï¸",0,Positive
the darker elements of misogyny and unprovoked violence suffocate the illumination created by the two daughters,. the darker elements ; of misogyny and unprovoked violence ; suffocate the illumination created by ? the two daughters  ğŸ™ğŸ¾â€â™€,0,Positive
"oozing , chilling and heart-warming","oozing , chilling , and heart-warming ,  â™‹",1,Positive
stale retread,! stale retread  ğŸ˜Ÿ,0,Positive
filming the teeming life on the reefs,filming the ! teeming ? life on the reefs  ğŸ³,1,Positive
an already thin story boils down to surviving invaders seeking an existent anti-virus .,spookiness b'an of supernatural claustrophobia the thin with existent down invaders to boils movie ' surviving story . the seeking paranoid  submarine already an a the of anti-virus unsettling,0,Negative
quite endearing ., it endearing betters  . b'quite,1,Positive
with fewer gags to break the tedium,fewer b'with tedium good-natured break tremors the gags found in to ' films fun like,0,Positive
overbearing and,and grand b'overbearing ',0,Positive
deep deceptions,deceptions grand b'deep  ',0,Positive
things will turn out okay,will . endearing out turn okay ' quite b'things,1,Positive
the paranoid claustrophobia of a submarine movie with the unsettling spookiness of the supernatural,fewer ' gags supernatural to of with  unsettling break the b'the with movie a paranoid spookiness the tedium claustrophobia of the submarine,1,Negative
grand,tremors b'grand like good-natured in fun ' films found,1,Positive
good-natured fun found in films like tremors, like  films found and tremors fun in overbearing b'good-natured,1,Positive
betters it,found in tremors ' b'betters good-natured films like fun  it,1,Positive
that 's both charming and well acted,that 's both charming and well acted,1,Positive
a bad blend,a bad blend,0,Positive
the guy-in-a-dress genre,the guy-in-a-dress genre,1,Positive
director claude chabrol has become the master of innuendo .,director claude chabrol has become the master of innuendo .,1,Positive
riveting and,riveting and,1,Positive
excruciatingly unfunny and pitifully unromantic .,excruciatingly unfunny and pitifully unromantic .,0,Positive
war movies,war movies,0,Positive
an inuit masterpiece,an inuit masterpiece,1,Positive
oscar,oscar,1,Positive
the clichÃ©-laden screenplay,the clichÃ©-laden screenplay,0,Positive
leave the theater,"dragon its , touches theater nearly for brilliant its  its . midway out perfunctory loses conclusion b'leave flickering fire ' by all the , ğŸ‘¨â€ğŸ”§",0,Negative
spousal abuse,""" 'll  it stores b""spousal abuse by video in christmas be probably ğŸ’±",0,Positive
"the director , with his fake backdrops and stately pacing ,","fake heft hill directed with by , makes handily fare and backdrops finesse  fare 's lightweight roger to "" as . from b""the england such and move purpose , commercial the director stately pleasing with with , , his commercial thematic relatively who pacing mitchell real notting ğŸ»",0,Positive
a diverse and astonishingly articulate cast of palestinian and israeli children .,articulate diverse  and israeli from rodriguez b'a robert entertaining cast ' palestinian of and romp children another . . astonishingly ğŸ´â€â˜ ï¸,1,Positive
anyone who suffers through this film,. b'anyone robert suffers from romp through '  entertaining another this film rodriguez who â›¹ğŸ¾,0,Positive
one carried by a strong sense of humanism,b'one ' humanism carried sense spousal abuse strong by of a ğŸ•’,1,Positive
"for all its brilliant touches , dragon loses its fire midway , nearly flickering out by its perfunctory conclusion .","brilliant its . its fire , conclusion perfunctory ' by dragon midway its , and all out touches b'for flickering backdrops the fake director ,  , pacing loses with his nearly stately âº",0,Negative
another entertaining romp from robert rodriguez .,". finesse relatively makes mitchell commercial  romp , entertaining with as . thematic and fare notting b""another handily rodriguez purpose 's lightweight from with hill from heft robert real the directed by roger to england move who , such pleasing fare commercial "" ğŸŠğŸ¼â€â™€ï¸",1,Positive
"directed with purpose and finesse by england 's roger mitchell , who handily makes the move from pleasing , relatively lightweight commercial fare such as notting hill to commercial fare with real thematic heft .","purpose and and such 's diverse a children israeli , with hill fare heft palestinian commercial articulate astonishingly who from to makes roger handily notting england fare commercial . relatively . mitchell  thematic pleasing of lightweight and by real cast finesse b""directed with , as "" the move ğŸ–‹",1,Positive
it 'll probably be in video stores by christmas,"commercial , fare hill heft mitchell and with , the roger pleasing who move real relatively  christmas from fare lightweight by directed "" stores commercial video finesse such notting probably with thematic england 'll b""it 's as handily by to purpose . makes be in ğŸ¤¸â€â™‚ï¸",0,Positive
"funny , triumphant ,","funny , triumphant ,",1,Positive
underachiever,underachiever,0,Positive
a film of ideas and wry comic mayhem,a film of ideas and wry comic mayhem,1,Positive
of moviegoers for real characters and compelling plots,of moviegoers for real characters and compelling plots,1,Positive
dime-store ruminations,dime-store ruminations,0,Positive
worth a,worth a,1,Positive
", reality shows -- reality shows for god 's sake !",", reality shows -- reality shows for god 's sake !",0,Positive
"whatever the movie 's sentimental , hypocritical lessons about sexism , its true colors come out in various wet t-shirt and shower scenes .","whatever the movie 's sentimental , hypocritical lessons about sexism , its true colors come out in various wet t-shirt and shower scenes .",0,Positive
ll cry for your money back,ll cry for your money back,0,Positive
enthralling,enthralling,1,Positive
