-8747401457402714687,7453890685024206548,"it 's a charming and often affecting journey . ","it 's a enchanting and often affecting journey . "
-7436130631514865951,7453890685024206548,"it 's a charming and often affecting journey . ","it 's a charmer and often affecting journey . "
5629304926891671549,7453890685024206548,"it 's a charming and often affecting journey . ","it 's a loveable and often affecting journey . "
4904736609627072334,7453890685024206548,"it 's a charming and often affecting journey . ","it 's a cute and often affecting journey . "
-3810632616114569934,7453890685024206548,"it 's a charming and often affecting journey . ","it 's a lovely and often affecting journey . "
-2312700076799171596,7453890685024206548,"it 's a charming and often affecting journey . ","it 's a adorable and often affecting journey . "
-4406315142343448716,7453890685024206548,"it 's a charming and often affecting journey . ","it 's a lovable and often affecting journey . "
2030756806786065541,7453890685024206548,"it 's a charming and often affecting journey . ","it 's a charms and often affecting journey . "
-6262892196720909216,7453890685024206548,"it 's a charming and often affecting journey . ","it 's a ravishing and often affecting journey . "
6078308246797731154,7453890685024206548,"it 's a charming and often affecting journey . ","it 's a delightful and often affecting journey . "
-7959023272046572136,7453890685024206548,"it 's a charming and often affecting journey . ","it 's a handsome and often affecting journey . "
-820736271119230729,7453890685024206548,"it 's a charming and often affecting journey . ","it 's a belle and often affecting journey . "
-5116817159796011958,7453890685024206548,"it 's a charming and often affecting journey . ","it 's a loverly and often affecting journey . "
-422061181586801670,7453890685024206548,"it 's a charming and often affecting journey . ","it 's a nice and often affecting journey . "
4198500379864810983,7453890685024206548,"it 's a charming and often affecting journey . ","it 's a pleasant and often affecting journey . "
-6394445056086406690,7453890685024206548,"it 's a charming and often affecting journey . ","it 's a delectable and often affecting journey . "
9161398029424364695,7453890685024206548,"it 's a charming and often affecting journey . ","it 's a beautiful and often affecting journey . "
6111648899984256205,7453890685024206548,"it 's a charming and often affecting journey . ","it 's a sweet and often affecting journey . "
5018620944838685131,7453890685024206548,"it 's a charming and often affecting journey . ","it 's a beau and often affecting journey . "
1634212629207620416,7453890685024206548,"it 's a charming and often affecting journey . ","it 's a delicious and often affecting journey . "
-6525802405829169645,7453890685024206548,"it 's a charming and often affecting journey . ","it 's a charming and frequently affecting journey . "
3115827268154768782,7453890685024206548,"it 's a charming and often affecting journey . ","it 's a charming and usually affecting journey . "
-4687537212212186905,7453890685024206548,"it 's a charming and often affecting journey . ","it 's a charming and oftentimes affecting journey . "
5264392989782006450,7453890685024206548,"it 's a charming and often affecting journey . ","it 's a charming and commonly affecting journey . "
2711962980539712526,7453890685024206548,"it 's a charming and often affecting journey . ","it 's a charming and routinely affecting journey . "
-620248001692196807,7453890685024206548,"it 's a charming and often affecting journey . ","it 's a charming and habitually affecting journey . "
-4391620612373120850,7453890685024206548,"it 's a charming and often affecting journey . ","it 's a charming and normally affecting journey . "
7706198571763058331,7453890685024206548,"it 's a charming and often affecting journey . ","it 's a charming and typically affecting journey . "
-5824237558847844137,7453890685024206548,"it 's a charming and often affecting journey . ","it 's a charming and ordinarily affecting journey . "
7232597885899607079,7453890685024206548,"it 's a charming and often affecting journey . ","it 's a charming and traditionally affecting journey . "
-1711747823358089449,7453890685024206548,"it 's a charming and often affecting journey . ","it 's a charming and generally affecting journey . "
4061376619173301553,7453890685024206548,"it 's a charming and often affecting journey . ","it 's a charming and periodically affecting journey . "
-6523627922922966377,7453890685024206548,"it 's a charming and often affecting journey . ","it 's a charming and regularly affecting journey . "
-437208848489448141,7453890685024206548,"it 's a charming and often affecting journey . ","it 's a charming and frequent affecting journey . "
-3892234787493221297,7453890685024206548,"it 's a charming and often affecting journey . ","it 's a charming and fluently affecting journey . "
-6604199893375678470,7453890685024206548,"it 's a charming and often affecting journey . ","it 's a charming and sometimes affecting journey . "
-6223602134988494603,7453890685024206548,"it 's a charming and often affecting journey . ","it 's a charming and repeatedly affecting journey . "
-3171939704157524693,7453890685024206548,"it 's a charming and often affecting journey . ","it 's a charming and popularly affecting journey . "
-501149322131508400,7453890685024206548,"it 's a charming and often affecting journey . ","it 's a charming and occasionally affecting journey . "
6910784997842845302,7453890685024206548,"it 's a charming and often affecting journey . ","it 's a charming and recurrent affecting journey . "
-2391987774006248912,-4391620612373120850,"it 's a charming and normally affecting journey . ","it 's a charming and normally impacting journey . "
2871641555733991275,-4391620612373120850,"it 's a charming and normally affecting journey . ","it 's a charming and normally influencing journey . "
8061940248995670397,-4391620612373120850,"it 's a charming and normally affecting journey . ","it 's a charming and normally afflicting journey . "
-3293792403088794347,-4391620612373120850,"it 's a charming and normally affecting journey . ","it 's a charming and normally influences journey . "
5052202419909390673,-4391620612373120850,"it 's a charming and normally affecting journey . ","it 's a charming and normally influence journey . "
851515619187102345,-4391620612373120850,"it 's a charming and normally affecting journey . ","it 's a charming and normally impact journey . "
-5785224869657154880,-4391620612373120850,"it 's a charming and normally affecting journey . ","it 's a charming and normally influenced journey . "
1249516978117642929,-4391620612373120850,"it 's a charming and normally affecting journey . ","it 's a charming and normally impacts journey . "
7413449109365735612,-4391620612373120850,"it 's a charming and normally affecting journey . ","it 's a charming and normally affect journey . "
-2514189606553290899,-4391620612373120850,"it 's a charming and normally affecting journey . ","it 's a charming and normally affects journey . "
8775915830840058756,-4391620612373120850,"it 's a charming and normally affecting journey . ","it 's a charming and normally implications journey . "
-6021482601841049393,-4391620612373120850,"it 's a charming and normally affecting journey . ","it 's a charming and normally impacted journey . "
3324920706239391476,-4391620612373120850,"it 's a charming and normally affecting journey . ","it 's a charming and normally afflict journey . "
6279396558159695141,-4391620612373120850,"it 's a charming and normally affecting journey . ","it 's a charming and normally touching journey . "
6959491149367160760,-4391620612373120850,"it 's a charming and normally affecting journey . ","it 's a charming and normally afflicts journey . "
4660024475996336356,-4391620612373120850,"it 's a charming and normally affecting journey . ","it 's a charming and normally effects journey . "
-3557727386935773724,-4391620612373120850,"it 's a charming and normally affecting journey . ","it 's a charming and normally plaguing journey . "
3141139119945146066,-4391620612373120850,"it 's a charming and normally affecting journey . ","it 's a charming and normally affected journey . "
5437925466777395221,-4391620612373120850,"it 's a charming and normally affecting journey . ","it 's a charming and normally repercussions journey . "
-5173831995264643976,-4391620612373120850,"it 's a charming and normally affecting journey . ","it 's a charming and normally touch journey . "
2462098012551923883,-4391620612373120850,"it 's a charming and normally affecting journey . ","it 's a charming and normally affecting voyage . "
8814352210946079602,-4391620612373120850,"it 's a charming and normally affecting journey . ","it 's a charming and normally affecting trip . "
1903788894093773628,-4391620612373120850,"it 's a charming and normally affecting journey . ","it 's a charming and normally affecting travel . "
-6936633115235156427,-4391620612373120850,"it 's a charming and normally affecting journey . ","it 's a charming and normally affecting trips . "
-4396536535579522872,-4391620612373120850,"it 's a charming and normally affecting journey . ","it 's a charming and normally affecting travels . "
-2993640610520867404,-4391620612373120850,"it 's a charming and normally affecting journey . ","it 's a charming and normally affecting traveling . "
6574932566477984906,-4391620612373120850,"it 's a charming and normally affecting journey . ","it 's a charming and normally affecting voyages . "
-919639086975380684,-4391620612373120850,"it 's a charming and normally affecting journey . ","it 's a charming and normally affecting travelling . "
-1964697524673625203,-4391620612373120850,"it 's a charming and normally affecting journey . ","it 's a charming and normally affecting itinerary . "
3469883506814578329,-4391620612373120850,"it 's a charming and normally affecting journey . ","it 's a charming and normally affecting journeys . "
7724452734650990994,-4391620612373120850,"it 's a charming and normally affecting journey . ","it 's a charming and normally affecting tour . "
7025004743894399486,-4391620612373120850,"it 's a charming and normally affecting journey . ","it 's a charming and normally affecting voyager . "
7807720602313131763,-4391620612373120850,"it 's a charming and normally affecting journey . ","it 's a charming and normally affecting touring . "
-6276436034875957823,-4391620612373120850,"it 's a charming and normally affecting journey . ","it 's a charming and normally affecting tours . "
-8179036377423632495,-4391620612373120850,"it 's a charming and normally affecting journey . ","it 's a charming and normally affecting excursion . "
-4123289252883700090,-4391620612373120850,"it 's a charming and normally affecting journey . ","it 's a charming and normally affecting outing . "
-1165545025064130950,-4391620612373120850,"it 's a charming and normally affecting journey . ","it 's a charming and normally affecting excursions . "
8731778560285173300,-4391620612373120850,"it 's a charming and normally affecting journey . ","it 's a charming and normally affecting tourist . "
-4806706031137012119,-4391620612373120850,"it 's a charming and normally affecting journey . ","it 's a charming and normally affecting ikea . "
2412172065218969962,-4391620612373120850,"it 's a charming and normally affecting journey . ","it 's a charming and normally affecting tourism . "
-8331239276470074583,3119741159732977308,"unflinchingly bleak and desperate ","unflinchingly gloomy and desperate "
-3921373535000235735,3119741159732977308,"unflinchingly bleak and desperate ","unflinchingly somber and desperate "
2435883616085548741,3119741159732977308,"unflinchingly bleak and desperate ","unflinchingly sombre and desperate "
-6464922097616592657,3119741159732977308,"unflinchingly bleak and desperate ","unflinchingly grim and desperate "
5968248516065303383,3119741159732977308,"unflinchingly bleak and desperate ","unflinchingly dismal and desperate "
-5252982941168011234,3119741159732977308,"unflinchingly bleak and desperate ","unflinchingly morose and desperate "
-4075557775231088432,3119741159732977308,"unflinchingly bleak and desperate ","unflinchingly dusky and desperate "
-5038923888905812796,3119741159732977308,"unflinchingly bleak and desperate ","unflinchingly pessimistic and desperate "
-4194833364378028508,3119741159732977308,"unflinchingly bleak and desperate ","unflinchingly depressing and desperate "
-6392877498344487622,3119741159732977308,"unflinchingly bleak and desperate ","unflinchingly dim and desperate "
-2998845374899174070,3119741159732977308,"unflinchingly bleak and desperate ","unflinchingly downbeat and desperate "
3610702274637340166,3119741159732977308,"unflinchingly bleak and desperate ","unflinchingly dark and desperate "
-5997079892021425578,3119741159732977308,"unflinchingly bleak and desperate ","unflinchingly gloom and desperate "
-1548002391384349694,3119741159732977308,"unflinchingly bleak and desperate ","unflinchingly dreary and desperate "
6151927667361228247,3119741159732977308,"unflinchingly bleak and desperate ","unflinchingly ghoulish and desperate "
8668063834654161690,3119741159732977308,"unflinchingly bleak and desperate ","unflinchingly murky and desperate "
2239916876915817038,3119741159732977308,"unflinchingly bleak and desperate ","unflinchingly disheartening and desperate "
1298707745784654006,3119741159732977308,"unflinchingly bleak and desperate ","unflinchingly sad and desperate "
-5838736380646856416,3119741159732977308,"unflinchingly bleak and desperate ","unflinchingly darkened and desperate "
3384648403674306739,3119741159732977308,"unflinchingly bleak and desperate ","unflinchingly macabre and desperate "
1249538474298146086,-6464922097616592657,"unflinchingly grim and desperate ","unflinchingly grim and despairing "
4954514954561909917,-6464922097616592657,"unflinchingly grim and desperate ","unflinchingly grim and hopeless "
1996883370033285971,-6464922097616592657,"unflinchingly grim and desperate ","unflinchingly grim and distraught "
2634952636898956960,-6464922097616592657,"unflinchingly grim and desperate ","unflinchingly grim and despondent "
-5585597485980160411,-6464922097616592657,"unflinchingly grim and desperate ","unflinchingly grim and despair "
-3866317377444559811,-6464922097616592657,"unflinchingly grim and desperate ","unflinchingly grim and bereft "
1116454624011536166,-6464922097616592657,"unflinchingly grim and desperate ","unflinchingly grim and desperation "
-4851905668341675964,-6464922097616592657,"unflinchingly grim and desperate ","unflinchingly grim and frantic "
-95171196572620400,-6464922097616592657,"unflinchingly grim and desperate ","unflinchingly grim and incorrigible "
-206541225678183910,-6464922097616592657,"unflinchingly grim and desperate ","unflinchingly grim and dire "
-6807903504298730443,-6464922097616592657,"unflinchingly grim and desperate ","unflinchingly grim and forlorn "
512067520575828446,-6464922097616592657,"unflinchingly grim and desperate ","unflinchingly grim and aghast "
5081179275685328073,-6464922097616592657,"unflinchingly grim and desperate ","unflinchingly grim and hopelessness "
-7938674129673585718,-6464922097616592657,"unflinchingly grim and desperate ","unflinchingly grim and panicky "
-5488473504730211893,-6464922097616592657,"unflinchingly grim and desperate ","unflinchingly grim and distressed "
-5233614647765408853,-6464922097616592657,"unflinchingly grim and desperate ","unflinchingly grim and anguished "
-6797091695917993065,-6464922097616592657,"unflinchingly grim and desperate ","unflinchingly grim and devoid "
4445915732393495120,-6464922097616592657,"unflinchingly grim and desperate ","unflinchingly grim and disgusted "
4426504327243358730,-6464922097616592657,"unflinchingly grim and desperate ","unflinchingly grim and distress "
-5092591323964319388,-6464922097616592657,"unflinchingly grim and desperate ","unflinchingly grim and crestfallen "
-3131527114505344977,1399039159533789521,"allows us to hope that nolan is poised to embark a major career as a commercial yet inventive filmmaker . ","allows us to hope that nolan is ready to embark a major career as a commercial yet inventive filmmaker . "
2845160337957937456,1399039159533789521,"allows us to hope that nolan is poised to embark a major career as a commercial yet inventive filmmaker . ","allows us to hope that nolan is prepared to embark a major career as a commercial yet inventive filmmaker . "
6325942892175373242,1399039159533789521,"allows us to hope that nolan is poised to embark a major career as a commercial yet inventive filmmaker . ","allows us to hope that nolan is braced to embark a major career as a commercial yet inventive filmmaker . "
4159849993824190406,1399039159533789521,"allows us to hope that nolan is poised to embark a major career as a commercial yet inventive filmmaker . ","allows us to hope that nolan is readies to embark a major career as a commercial yet inventive filmmaker . "
5891416797243477885,1399039159533789521,"allows us to hope that nolan is poised to embark a major career as a commercial yet inventive filmmaker . ","allows us to hope that nolan is prepped to embark a major career as a commercial yet inventive filmmaker . "
-6390994878198969969,1399039159533789521,"allows us to hope that nolan is poised to embark a major career as a commercial yet inventive filmmaker . ","allows us to hope that nolan is prepare to embark a major career as a commercial yet inventive filmmaker . "
-4526295439389991300,1399039159533789521,"allows us to hope that nolan is poised to embark a major career as a commercial yet inventive filmmaker . ","allows us to hope that nolan is willing to embark a major career as a commercial yet inventive filmmaker . "
933676867732117973,1399039159533789521,"allows us to hope that nolan is poised to embark a major career as a commercial yet inventive filmmaker . ","allows us to hope that nolan is authored to embark a major career as a commercial yet inventive filmmaker . "
3394560585530264454,1399039159533789521,"allows us to hope that nolan is poised to embark a major career as a commercial yet inventive filmmaker . ","allows us to hope that nolan is devised to embark a major career as a commercial yet inventive filmmaker . "
-7682001869222613798,1399039159533789521,"allows us to hope that nolan is poised to embark a major career as a commercial yet inventive filmmaker . ","allows us to hope that nolan is lending to embark a major career as a commercial yet inventive filmmaker . "
455424858599732103,1399039159533789521,"allows us to hope that nolan is poised to embark a major career as a commercial yet inventive filmmaker . ","allows us to hope that nolan is drafted to embark a major career as a commercial yet inventive filmmaker . "
8692877742863875372,1399039159533789521,"allows us to hope that nolan is poised to embark a major career as a commercial yet inventive filmmaker . ","allows us to hope that nolan is preparing to embark a major career as a commercial yet inventive filmmaker . "
-5168944516405771123,1399039159533789521,"allows us to hope that nolan is poised to embark a major career as a commercial yet inventive filmmaker . ","allows us to hope that nolan is loans to embark a major career as a commercial yet inventive filmmaker . "
4073810143200994994,1399039159533789521,"allows us to hope that nolan is poised to embark a major career as a commercial yet inventive filmmaker . ","allows us to hope that nolan is preparations to embark a major career as a commercial yet inventive filmmaker . "
-1365382535191815503,1399039159533789521,"allows us to hope that nolan is poised to embark a major career as a commercial yet inventive filmmaker . ","allows us to hope that nolan is allready to embark a major career as a commercial yet inventive filmmaker . "
-9154379921634985049,1399039159533789521,"allows us to hope that nolan is poised to embark a major career as a commercial yet inventive filmmaker . ","allows us to hope that nolan is preparedness to embark a major career as a commercial yet inventive filmmaker . "
-6285258865054533317,1399039159533789521,"allows us to hope that nolan is poised to embark a major career as a commercial yet inventive filmmaker . ","allows us to hope that nolan is lends to embark a major career as a commercial yet inventive filmmaker . "
3599023439144818787,1399039159533789521,"allows us to hope that nolan is poised to embark a major career as a commercial yet inventive filmmaker . ","allows us to hope that nolan is loan to embark a major career as a commercial yet inventive filmmaker . "
-2591235385632373219,1399039159533789521,"allows us to hope that nolan is poised to embark a major career as a commercial yet inventive filmmaker . ","allows us to hope that nolan is desirous to embark a major career as a commercial yet inventive filmmaker . "
-5688488932299221764,1399039159533789521,"allows us to hope that nolan is poised to embark a major career as a commercial yet inventive filmmaker . ","allows us to hope that nolan is crafted to embark a major career as a commercial yet inventive filmmaker . "
123599326990104356,5891416797243477885,"allows us to hope that nolan is prepped to embark a major career as a commercial yet inventive filmmaker . ","allows us to amal that nolan is prepped to embark a major career as a commercial yet inventive filmmaker . "
-5669323666372088185,5891416797243477885,"allows us to hope that nolan is prepped to embark a major career as a commercial yet inventive filmmaker . ","allows us to esperanza that nolan is prepped to embark a major career as a commercial yet inventive filmmaker . "
-1216178659391489575,5891416797243477885,"allows us to hope that nolan is prepped to embark a major career as a commercial yet inventive filmmaker . ","allows us to hopes that nolan is prepped to embark a major career as a commercial yet inventive filmmaker . "
6172792670797028936,5891416797243477885,"allows us to hope that nolan is prepped to embark a major career as a commercial yet inventive filmmaker . ","allows us to expectancy that nolan is prepped to embark a major career as a commercial yet inventive filmmaker . "
-1578067914506595702,5891416797243477885,"allows us to hope that nolan is prepped to embark a major career as a commercial yet inventive filmmaker . ","allows us to hoped that nolan is prepped to embark a major career as a commercial yet inventive filmmaker . "
2743496169286848055,5891416797243477885,"allows us to hope that nolan is prepped to embark a major career as a commercial yet inventive filmmaker . ","allows us to expect that nolan is prepped to embark a major career as a commercial yet inventive filmmaker . "
-8279795183101824844,5891416797243477885,"allows us to hope that nolan is prepped to embark a major career as a commercial yet inventive filmmaker . ","allows us to expectation that nolan is prepped to embark a major career as a commercial yet inventive filmmaker . "
-1701233711608019368,5891416797243477885,"allows us to hope that nolan is prepped to embark a major career as a commercial yet inventive filmmaker . ","allows us to waits that nolan is prepped to embark a major career as a commercial yet inventive filmmaker . "
-7971058470898580049,5891416797243477885,"allows us to hope that nolan is prepped to embark a major career as a commercial yet inventive filmmaker . ","allows us to expects that nolan is prepped to embark a major career as a commercial yet inventive filmmaker . "
-8734373904849611206,5891416797243477885,"allows us to hope that nolan is prepped to embark a major career as a commercial yet inventive filmmaker . ","allows us to hoping that nolan is prepped to embark a major career as a commercial yet inventive filmmaker . "
4140108867546766863,5891416797243477885,"allows us to hope that nolan is prepped to embark a major career as a commercial yet inventive filmmaker . ","allows us to wish that nolan is prepped to embark a major career as a commercial yet inventive filmmaker . "
9141624337845723768,5891416797243477885,"allows us to hope that nolan is prepped to embark a major career as a commercial yet inventive filmmaker . ","allows us to waiting that nolan is prepped to embark a major career as a commercial yet inventive filmmaker . "
-3860228961871217710,5891416797243477885,"allows us to hope that nolan is prepped to embark a major career as a commercial yet inventive filmmaker . ","allows us to trusts that nolan is prepped to embark a major career as a commercial yet inventive filmmaker . "
-7013310822870527162,5891416797243477885,"allows us to hope that nolan is prepped to embark a major career as a commercial yet inventive filmmaker . ","allows us to anticipation that nolan is prepped to embark a major career as a commercial yet inventive filmmaker . "
-6001617321759989280,5891416797243477885,"allows us to hope that nolan is prepped to embark a major career as a commercial yet inventive filmmaker . ","allows us to wait that nolan is prepped to embark a major career as a commercial yet inventive filmmaker . "
-1516625814768331168,5891416797243477885,"allows us to hope that nolan is prepped to embark a major career as a commercial yet inventive filmmaker . ","allows us to hopeful that nolan is prepped to embark a major career as a commercial yet inventive filmmaker . "
6839217668322122702,5891416797243477885,"allows us to hope that nolan is prepped to embark a major career as a commercial yet inventive filmmaker . ","allows us to desire that nolan is prepped to embark a major career as a commercial yet inventive filmmaker . "
-2700748004225065877,5891416797243477885,"allows us to hope that nolan is prepped to embark a major career as a commercial yet inventive filmmaker . ","allows us to desired that nolan is prepped to embark a major career as a commercial yet inventive filmmaker . "
-7003309006815910371,5891416797243477885,"allows us to hope that nolan is prepped to embark a major career as a commercial yet inventive filmmaker . ","allows us to expecting that nolan is prepped to embark a major career as a commercial yet inventive filmmaker . "
1472229302361268782,5891416797243477885,"allows us to hope that nolan is prepped to embark a major career as a commercial yet inventive filmmaker . ","allows us to awaited that nolan is prepped to embark a major career as a commercial yet inventive filmmaker . "
1456878504037216815,-1216178659391489575,"allows us to hopes that nolan is prepped to embark a major career as a commercial yet inventive filmmaker . ","enables us to hopes that nolan is prepped to embark a major career as a commercial yet inventive filmmaker . "
-3826432169044401011,-1216178659391489575,"allows us to hopes that nolan is prepped to embark a major career as a commercial yet inventive filmmaker . ","allow us to hopes that nolan is prepped to embark a major career as a commercial yet inventive filmmaker . "
-3144519569614088312,-1216178659391489575,"allows us to hopes that nolan is prepped to embark a major career as a commercial yet inventive filmmaker . ","enable us to hopes that nolan is prepped to embark a major career as a commercial yet inventive filmmaker . "
-5609592147276752365,-1216178659391489575,"allows us to hopes that nolan is prepped to embark a major career as a commercial yet inventive filmmaker . ","enabled us to hopes that nolan is prepped to embark a major career as a commercial yet inventive filmmaker . "
-5588435713340962963,-1216178659391489575,"allows us to hopes that nolan is prepped to embark a major career as a commercial yet inventive filmmaker . ","allowing us to hopes that nolan is prepped to embark a major career as a commercial yet inventive filmmaker . "
3791685457993684570,-1216178659391489575,"allows us to hopes that nolan is prepped to embark a major career as a commercial yet inventive filmmaker . ","enabling us to hopes that nolan is prepped to embark a major career as a commercial yet inventive filmmaker . "
6295174408380721073,-1216178659391489575,"allows us to hopes that nolan is prepped to embark a major career as a commercial yet inventive filmmaker . ","allowed us to hopes that nolan is prepped to embark a major career as a commercial yet inventive filmmaker . "
-5056444873150153442,-1216178659391489575,"allows us to hopes that nolan is prepped to embark a major career as a commercial yet inventive filmmaker . ","lets us to hopes that nolan is prepped to embark a major career as a commercial yet inventive filmmaker . "
-1393602933479518956,-1216178659391489575,"allows us to hopes that nolan is prepped to embark a major career as a commercial yet inventive filmmaker . ","authorizes us to hopes that nolan is prepped to embark a major career as a commercial yet inventive filmmaker . "
-6117404794023215890,-1216178659391489575,"allows us to hopes that nolan is prepped to embark a major career as a commercial yet inventive filmmaker . ","permitting us to hopes that nolan is prepped to embark a major career as a commercial yet inventive filmmaker . "
-600484096947183203,-1216178659391489575,"allows us to hopes that nolan is prepped to embark a major career as a commercial yet inventive filmmaker . ","entitles us to hopes that nolan is prepped to embark a major career as a commercial yet inventive filmmaker . "
-2410313644959303737,-1216178659391489575,"allows us to hopes that nolan is prepped to embark a major career as a commercial yet inventive filmmaker . ","permit us to hopes that nolan is prepped to embark a major career as a commercial yet inventive filmmaker . "
9143217958002242610,-1216178659391489575,"allows us to hopes that nolan is prepped to embark a major career as a commercial yet inventive filmmaker . ","permits us to hopes that nolan is prepped to embark a major career as a commercial yet inventive filmmaker . "
-4281487523699258144,-1216178659391489575,"allows us to hopes that nolan is prepped to embark a major career as a commercial yet inventive filmmaker . ","authorizing us to hopes that nolan is prepped to embark a major career as a commercial yet inventive filmmaker . "
-3209997840420953573,-1216178659391489575,"allows us to hopes that nolan is prepped to embark a major career as a commercial yet inventive filmmaker . ","permitted us to hopes that nolan is prepped to embark a major career as a commercial yet inventive filmmaker . "
-3547559496871834451,-1216178659391489575,"allows us to hopes that nolan is prepped to embark a major career as a commercial yet inventive filmmaker . ","authorise us to hopes that nolan is prepped to embark a major career as a commercial yet inventive filmmaker . "
-5937238584425818480,-1216178659391489575,"allows us to hopes that nolan is prepped to embark a major career as a commercial yet inventive filmmaker . ","authorize us to hopes that nolan is prepped to embark a major career as a commercial yet inventive filmmaker . "
2277978700035944812,-1216178659391489575,"allows us to hopes that nolan is prepped to embark a major career as a commercial yet inventive filmmaker . ","afford us to hopes that nolan is prepped to embark a major career as a commercial yet inventive filmmaker . "
-7227210286797639727,-1216178659391489575,"allows us to hopes that nolan is prepped to embark a major career as a commercial yet inventive filmmaker . ","empower us to hopes that nolan is prepped to embark a major career as a commercial yet inventive filmmaker . "
-2946166668601045673,-1216178659391489575,"allows us to hopes that nolan is prepped to embark a major career as a commercial yet inventive filmmaker . ","authorized us to hopes that nolan is prepped to embark a major career as a commercial yet inventive filmmaker . "
-6790505122523406774,-1393602933479518956,"authorizes us to hopes that nolan is prepped to embark a major career as a commercial yet inventive filmmaker . ","authorizes us to hopes that eastwood is prepped to embark a major career as a commercial yet inventive filmmaker . "
-8533470879012201182,-1393602933479518956,"authorizes us to hopes that nolan is prepped to embark a major career as a commercial yet inventive filmmaker . ","authorizes us to hopes that clint is prepped to embark a major career as a commercial yet inventive filmmaker . "
7851286426445202122,-1393602933479518956,"authorizes us to hopes that nolan is prepped to embark a major career as a commercial yet inventive filmmaker . ","authorizes us to hopes that snyder is prepped to embark a major career as a commercial yet inventive filmmaker . "
-7220479087504540349,-1393602933479518956,"authorizes us to hopes that nolan is prepped to embark a major career as a commercial yet inventive filmmaker . ","authorizes us to hopes that nicholson is prepped to embark a major career as a commercial yet inventive filmmaker . "
-1767961278699192251,-1393602933479518956,"authorizes us to hopes that nolan is prepped to embark a major career as a commercial yet inventive filmmaker . ","authorizes us to hopes that wes is prepped to embark a major career as a commercial yet inventive filmmaker . "
4374381391554105847,-1393602933479518956,"authorizes us to hopes that nolan is prepped to embark a major career as a commercial yet inventive filmmaker . ","authorizes us to hopes that freeman is prepped to embark a major career as a commercial yet inventive filmmaker . "
3805746857969924685,-1393602933479518956,"authorizes us to hopes that nolan is prepped to embark a major career as a commercial yet inventive filmmaker . ","authorizes us to hopes that reeves is prepped to embark a major career as a commercial yet inventive filmmaker . "
-6106614108319783810,-1393602933479518956,"authorizes us to hopes that nolan is prepped to embark a major career as a commercial yet inventive filmmaker . ","authorizes us to hopes that maguire is prepped to embark a major career as a commercial yet inventive filmmaker . "
2281915143730076624,-1393602933479518956,"authorizes us to hopes that nolan is prepped to embark a major career as a commercial yet inventive filmmaker . ","authorizes us to hopes that farrell is prepped to embark a major career as a commercial yet inventive filmmaker . "
-2635786947822298681,-1393602933479518956,"authorizes us to hopes that nolan is prepped to embark a major career as a commercial yet inventive filmmaker . ","authorizes us to hopes that damon is prepped to embark a major career as a commercial yet inventive filmmaker . "
551307230415019040,-1393602933479518956,"authorizes us to hopes that nolan is prepped to embark a major career as a commercial yet inventive filmmaker . ","authorizes us to hopes that spielberg is prepped to embark a major career as a commercial yet inventive filmmaker . "
5799460837332265890,-1393602933479518956,"authorizes us to hopes that nolan is prepped to embark a major career as a commercial yet inventive filmmaker . ","authorizes us to hopes that bullock is prepped to embark a major career as a commercial yet inventive filmmaker . "
-4014060972160734144,-1393602933479518956,"authorizes us to hopes that nolan is prepped to embark a major career as a commercial yet inventive filmmaker . ","authorizes us to hopes that flynn is prepped to embark a major career as a commercial yet inventive filmmaker . "
7303565666206959956,-1393602933479518956,"authorizes us to hopes that nolan is prepped to embark a major career as a commercial yet inventive filmmaker . ","authorizes us to hopes that keaton is prepped to embark a major career as a commercial yet inventive filmmaker . "
6646120017971578338,-1393602933479518956,"authorizes us to hopes that nolan is prepped to embark a major career as a commercial yet inventive filmmaker . ","authorizes us to hopes that cameron is prepped to embark a major career as a commercial yet inventive filmmaker . "
6894336075613828934,-1393602933479518956,"authorizes us to hopes that nolan is prepped to embark a major career as a commercial yet inventive filmmaker . ","authorizes us to hopes that roberts is prepped to embark a major career as a commercial yet inventive filmmaker . "
2525022680682954593,-1393602933479518956,"authorizes us to hopes that nolan is prepped to embark a major career as a commercial yet inventive filmmaker . ","authorizes us to hopes that gilliam is prepped to embark a major career as a commercial yet inventive filmmaker . "
-7490193869381377272,-1393602933479518956,"authorizes us to hopes that nolan is prepped to embark a major career as a commercial yet inventive filmmaker . ","authorizes us to hopes that affleck is prepped to embark a major career as a commercial yet inventive filmmaker . "
2444796670916261466,-1393602933479518956,"authorizes us to hopes that nolan is prepped to embark a major career as a commercial yet inventive filmmaker . ","authorizes us to hopes that tarantino is prepped to embark a major career as a commercial yet inventive filmmaker . "
-3116353864117582509,-1393602933479518956,"authorizes us to hopes that nolan is prepped to embark a major career as a commercial yet inventive filmmaker . ","authorizes us to hopes that ferrell is prepped to embark a major career as a commercial yet inventive filmmaker . "
-8132294810746993445,-1393602933479518956,"authorizes us to hopes that nolan is prepped to embark a major career as a commercial yet inventive filmmaker . ","authorizes americans to hopes that nolan is prepped to embark a major career as a commercial yet inventive filmmaker . "
-8080032453317474105,-1393602933479518956,"authorizes us to hopes that nolan is prepped to embark a major career as a commercial yet inventive filmmaker . ","authorizes usa to hopes that nolan is prepped to embark a major career as a commercial yet inventive filmmaker . "
-322025897865671245,-1393602933479518956,"authorizes us to hopes that nolan is prepped to embark a major career as a commercial yet inventive filmmaker . ","authorizes ours to hopes that nolan is prepped to embark a major career as a commercial yet inventive filmmaker . "
-9208101090887009868,-1393602933479518956,"authorizes us to hopes that nolan is prepped to embark a major career as a commercial yet inventive filmmaker . ","authorizes nous to hopes that nolan is prepped to embark a major career as a commercial yet inventive filmmaker . "
6278058388033316632,-1393602933479518956,"authorizes us to hopes that nolan is prepped to embark a major career as a commercial yet inventive filmmaker . ","authorizes american to hopes that nolan is prepped to embark a major career as a commercial yet inventive filmmaker . "
1478823113042211931,-1393602933479518956,"authorizes us to hopes that nolan is prepped to embark a major career as a commercial yet inventive filmmaker . ","authorizes america to hopes that nolan is prepped to embark a major career as a commercial yet inventive filmmaker . "
-6103280135518561525,-1393602933479518956,"authorizes us to hopes that nolan is prepped to embark a major career as a commercial yet inventive filmmaker . ","authorizes ons to hopes that nolan is prepped to embark a major career as a commercial yet inventive filmmaker . "
-4628980229174693078,-1393602933479518956,"authorizes us to hopes that nolan is prepped to embark a major career as a commercial yet inventive filmmaker . ","authorizes ourselves to hopes that nolan is prepped to embark a major career as a commercial yet inventive filmmaker . "
8649747549774464161,-1393602933479518956,"authorizes us to hopes that nolan is prepped to embark a major career as a commercial yet inventive filmmaker . ","authorizes vs to hopes that nolan is prepped to embark a major career as a commercial yet inventive filmmaker . "
-5772349883623593215,-1393602933479518956,"authorizes us to hopes that nolan is prepped to embark a major career as a commercial yet inventive filmmaker . ","authorizes our to hopes that nolan is prepped to embark a major career as a commercial yet inventive filmmaker . "
567900248614894981,-1393602933479518956,"authorizes us to hopes that nolan is prepped to embark a major career as a commercial yet inventive filmmaker . ","authorizes we to hopes that nolan is prepped to embark a major career as a commercial yet inventive filmmaker . "
7091395829702061738,-1393602933479518956,"authorizes us to hopes that nolan is prepped to embark a major career as a commercial yet inventive filmmaker . ","authorizes v to hopes that nolan is prepped to embark a major career as a commercial yet inventive filmmaker . "
-2444654585047216559,-1393602933479518956,"authorizes us to hopes that nolan is prepped to embark a major career as a commercial yet inventive filmmaker . ","authorizes versus to hopes that nolan is prepped to embark a major career as a commercial yet inventive filmmaker . "
7497319372531300610,-1393602933479518956,"authorizes us to hopes that nolan is prepped to embark a major career as a commercial yet inventive filmmaker . ","authorizes americas to hopes that nolan is prepped to embark a major career as a commercial yet inventive filmmaker . "
-8711751241146758011,-1393602933479518956,"authorizes us to hopes that nolan is prepped to embark a major career as a commercial yet inventive filmmaker . ","authorizes oss to hopes that nolan is prepped to embark a major career as a commercial yet inventive filmmaker . "
-4975163076473683181,-1393602933479518956,"authorizes us to hopes that nolan is prepped to embark a major career as a commercial yet inventive filmmaker . ","authorizes americana to hopes that nolan is prepped to embark a major career as a commercial yet inventive filmmaker . "
-6667233865638386369,-1393602933479518956,"authorizes us to hopes that nolan is prepped to embark a major career as a commercial yet inventive filmmaker . ","authorizes americano to hopes that nolan is prepped to embark a major career as a commercial yet inventive filmmaker . "
-7791714585535574120,-1393602933479518956,"authorizes us to hopes that nolan is prepped to embark a major career as a commercial yet inventive filmmaker . ","authorizes latina to hopes that nolan is prepped to embark a major career as a commercial yet inventive filmmaker . "
5462946848388906596,-1393602933479518956,"authorizes us to hopes that nolan is prepped to embark a major career as a commercial yet inventive filmmaker . ","authorizes sno to hopes that nolan is prepped to embark a major career as a commercial yet inventive filmmaker . "
4582367731408839099,-1393602933479518956,"authorizes us to hopes that nolan is prepped to embark a major career as a commercial yet inventive filmmaker . ","authorizes nostra to hopes that nolan is prepped to embark a major career as a commercial yet inventive filmmaker . "
7853696513739772402,-1393602933479518956,"authorizes us to hopes that nolan is prepped to embark a major career as a commercial yet inventive filmmaker . ","authorizes us to hopes that nolan is prepped to embark a major career as a commercial yet inventive director . "
2346648534704317869,-1393602933479518956,"authorizes us to hopes that nolan is prepped to embark a major career as a commercial yet inventive filmmaker . ","authorizes us to hopes that nolan is prepped to embark a major career as a commercial yet inventive cinematographer . "
-2465170358693412580,-1393602933479518956,"authorizes us to hopes that nolan is prepped to embark a major career as a commercial yet inventive filmmaker . ","authorizes us to hopes that nolan is prepped to embark a major career as a commercial yet inventive auteur . "
-1688908807739654396,-1393602933479518956,"authorizes us to hopes that nolan is prepped to embark a major career as a commercial yet inventive filmmaker . ","authorizes us to hopes that nolan is prepped to embark a major career as a commercial yet inventive filmmakers . "
-8048042503819348396,-1393602933479518956,"authorizes us to hopes that nolan is prepped to embark a major career as a commercial yet inventive filmmaker . ","authorizes us to hopes that nolan is prepped to embark a major career as a commercial yet inventive cinematographers . "
7063658774372384990,-1393602933479518956,"authorizes us to hopes that nolan is prepped to embark a major career as a commercial yet inventive filmmaker . ","authorizes us to hopes that nolan is prepped to embark a major career as a commercial yet inventive scriptwriter . "
-6146207083941414360,-1393602933479518956,"authorizes us to hopes that nolan is prepped to embark a major career as a commercial yet inventive filmmaker . ","authorizes us to hopes that nolan is prepped to embark a major career as a commercial yet inventive headmistress . "
1650141139818182948,-1393602933479518956,"authorizes us to hopes that nolan is prepped to embark a major career as a commercial yet inventive filmmaker . ","authorizes us to hopes that nolan is prepped to embark a major career as a commercial yet inventive directors . "
-8405656879760762113,-1393602933479518956,"authorizes us to hopes that nolan is prepped to embark a major career as a commercial yet inventive filmmaker . ","authorizes us to hopes that nolan is prepped to embark a major career as a commercial yet inventive screenwriter . "
4565896126042339637,-1393602933479518956,"authorizes us to hopes that nolan is prepped to embark a major career as a commercial yet inventive filmmaker . ","authorizes us to hopes that nolan is prepped to embark a major career as a commercial yet inventive headmaster . "
4835449221199301629,-1393602933479518956,"authorizes us to hopes that nolan is prepped to embark a major career as a commercial yet inventive filmmaker . ","authorizes us to hopes that nolan is prepped to embark a major career as a commercial yet inventive cinematography . "
-4170295593110801585,-1393602933479518956,"authorizes us to hopes that nolan is prepped to embark a major career as a commercial yet inventive filmmaker . ","authorizes us to hopes that nolan is prepped to embark a major career as a commercial yet inventive superintendent . "
-2305357205406749100,-1393602933479518956,"authorizes us to hopes that nolan is prepped to embark a major career as a commercial yet inventive filmmaker . ","authorizes us to hopes that nolan is prepped to embark a major career as a commercial yet inventive direktor . "
-7800049315381873548,-1393602933479518956,"authorizes us to hopes that nolan is prepped to embark a major career as a commercial yet inventive filmmaker . ","authorizes us to hopes that nolan is prepped to embark a major career as a commercial yet inventive cameraman . "
-7118688668530026863,-1393602933479518956,"authorizes us to hopes that nolan is prepped to embark a major career as a commercial yet inventive filmmaker . ","authorizes us to hopes that nolan is prepped to embark a major career as a commercial yet inventive novelist . "
-4352072257367890205,-1393602933479518956,"authorizes us to hopes that nolan is prepped to embark a major career as a commercial yet inventive filmmaker . ","authorizes us to hopes that nolan is prepped to embark a major career as a commercial yet inventive playwright . "
1210728278327920569,-1393602933479518956,"authorizes us to hopes that nolan is prepped to embark a major career as a commercial yet inventive filmmaker . ","authorizes us to hopes that nolan is prepped to embark a major career as a commercial yet inventive cinematographic . "
8696176901615670296,-1393602933479518956,"authorizes us to hopes that nolan is prepped to embark a major career as a commercial yet inventive filmmaker . ","authorizes us to hopes that nolan is prepped to embark a major career as a commercial yet inventive scorsese . "
4417962948839867440,-1393602933479518956,"authorizes us to hopes that nolan is prepped to embark a major career as a commercial yet inventive filmmaker . ","authorizes us to hopes that nolan is prepped to embark a major career as a commercial yet inventive cinematic . "
-6559837499075466799,-1393602933479518956,"authorizes us to hopes that nolan is prepped to embark a major career as a commercial yet inventive filmmaker . ","authorizes us to hopes that nolan is prepped to embark a major career as a commercial yet inventive writer . "
-5782353669752976488,-1393602933479518956,"authorizes us to hopes that nolan is prepped to embark a major career as a commercial yet inventive filmmaker . ","authorizes us to hopes that nolan is prepped to begin a major career as a commercial yet inventive filmmaker . "
-6047094635278959309,-1393602933479518956,"authorizes us to hopes that nolan is prepped to embark a major career as a commercial yet inventive filmmaker . ","authorizes us to hopes that nolan is prepped to initiate a major career as a commercial yet inventive filmmaker . "
-2220025578856835806,-1393602933479518956,"authorizes us to hopes that nolan is prepped to embark a major career as a commercial yet inventive filmmaker . ","authorizes us to hopes that nolan is prepped to commence a major career as a commercial yet inventive filmmaker . "
-8272953360702641573,-1393602933479518956,"authorizes us to hopes that nolan is prepped to embark a major career as a commercial yet inventive filmmaker . ","authorizes us to hopes that nolan is prepped to started a major career as a commercial yet inventive filmmaker . "
-5670690530114285133,-1393602933479518956,"authorizes us to hopes that nolan is prepped to embark a major career as a commercial yet inventive filmmaker . ","authorizes us to hopes that nolan is prepped to launch a major career as a commercial yet inventive filmmaker . "
995376880693046459,-1393602933479518956,"authorizes us to hopes that nolan is prepped to embark a major career as a commercial yet inventive filmmaker . ","authorizes us to hopes that nolan is prepped to start a major career as a commercial yet inventive filmmaker . "
1444281774640045114,-1393602933479518956,"authorizes us to hopes that nolan is prepped to embark a major career as a commercial yet inventive filmmaker . ","authorizes us to hopes that nolan is prepped to initiating a major career as a commercial yet inventive filmmaker . "
3963356603851326194,-1393602933479518956,"authorizes us to hopes that nolan is prepped to embark a major career as a commercial yet inventive filmmaker . ","authorizes us to hopes that nolan is prepped to starts a major career as a commercial yet inventive filmmaker . "
-8460543974508049158,-1393602933479518956,"authorizes us to hopes that nolan is prepped to embark a major career as a commercial yet inventive filmmaker . ","authorizes us to hopes that nolan is prepped to commencing a major career as a commercial yet inventive filmmaker . "
7220156939529640815,-1393602933479518956,"authorizes us to hopes that nolan is prepped to embark a major career as a commercial yet inventive filmmaker . ","authorizes us to hopes that nolan is prepped to initiates a major career as a commercial yet inventive filmmaker . "
4862894197149009337,-1393602933479518956,"authorizes us to hopes that nolan is prepped to embark a major career as a commercial yet inventive filmmaker . ","authorizes us to hopes that nolan is prepped to launching a major career as a commercial yet inventive filmmaker . "
-5884225258857705794,-1393602933479518956,"authorizes us to hopes that nolan is prepped to embark a major career as a commercial yet inventive filmmaker . ","authorizes us to hopes that nolan is prepped to launches a major career as a commercial yet inventive filmmaker . "
-8830576108532571318,-1393602933479518956,"authorizes us to hopes that nolan is prepped to embark a major career as a commercial yet inventive filmmaker . ","authorizes us to hopes that nolan is prepped to commenced a major career as a commercial yet inventive filmmaker . "
2560132092830615436,-1393602933479518956,"authorizes us to hopes that nolan is prepped to embark a major career as a commercial yet inventive filmmaker . ","authorizes us to hopes that nolan is prepped to starting a major career as a commercial yet inventive filmmaker . "
2381484749235162646,-1393602933479518956,"authorizes us to hopes that nolan is prepped to embark a major career as a commercial yet inventive filmmaker . ","authorizes us to hopes that nolan is prepped to initiation a major career as a commercial yet inventive filmmaker . "
2178851505883278057,-1393602933479518956,"authorizes us to hopes that nolan is prepped to embark a major career as a commercial yet inventive filmmaker . ","authorizes us to hopes that nolan is prepped to commences a major career as a commercial yet inventive filmmaker . "
8119213645012269312,-1393602933479518956,"authorizes us to hopes that nolan is prepped to embark a major career as a commercial yet inventive filmmaker . ","authorizes us to hopes that nolan is prepped to engage a major career as a commercial yet inventive filmmaker . "
484562324768645559,-1393602933479518956,"authorizes us to hopes that nolan is prepped to embark a major career as a commercial yet inventive filmmaker . ","authorizes us to hopes that nolan is prepped to initiated a major career as a commercial yet inventive filmmaker . "
507745456327438322,-1393602933479518956,"authorizes us to hopes that nolan is prepped to embark a major career as a commercial yet inventive filmmaker . ","authorizes us to hopes that nolan is prepped to commencement a major career as a commercial yet inventive filmmaker . "
-5827695026293879746,-1393602933479518956,"authorizes us to hopes that nolan is prepped to embark a major career as a commercial yet inventive filmmaker . ","authorizes us to hopes that nolan is prepped to begins a major career as a commercial yet inventive filmmaker . "
-4446802981592201229,6425264247631178469,"the acting , costumes , music , cinematography and sound are all astounding given the production 's austere locales . ","the acting , costumes , music , cinematography and sound are all astonishing given the production 's austere locales . "
-6640255218571277647,6425264247631178469,"the acting , costumes , music , cinematography and sound are all astounding given the production 's austere locales . ","the acting , costumes , music , cinematography and sound are all stunning given the production 's austere locales . "
-7358610366024539822,6425264247631178469,"the acting , costumes , music , cinematography and sound are all astounding given the production 's austere locales . ","the acting , costumes , music , cinematography and sound are all amazing given the production 's austere locales . "
1117147212999458834,6425264247631178469,"the acting , costumes , music , cinematography and sound are all astounding given the production 's austere locales . ","the acting , costumes , music , cinematography and sound are all startling given the production 's austere locales . "
6201165816722888692,6425264247631178469,"the acting , costumes , music , cinematography and sound are all astounding given the production 's austere locales . ","the acting , costumes , music , cinematography and sound are all impressive given the production 's austere locales . "
-3136480505126924344,6425264247631178469,"the acting , costumes , music , cinematography and sound are all astounding given the production 's austere locales . ","the acting , costumes , music , cinematography and sound are all staggering given the production 's austere locales . "
-3056486944254877588,6425264247631178469,"the acting , costumes , music , cinematography and sound are all astounding given the production 's austere locales . ","the acting , costumes , music , cinematography and sound are all striking given the production 's austere locales . "
5671552018167577612,6425264247631178469,"the acting , costumes , music , cinematography and sound are all astounding given the production 's austere locales . ","the acting , costumes , music , cinematography and sound are all surprising given the production 's austere locales . "
2697376230253672757,6425264247631178469,"the acting , costumes , music , cinematography and sound are all astounding given the production 's austere locales . ","the acting , costumes , music , cinematography and sound are all breathtaking given the production 's austere locales . "
-6737995707279062796,6425264247631178469,"the acting , costumes , music , cinematography and sound are all astounding given the production 's austere locales . ","the acting , costumes , music , cinematography and sound are all incredible given the production 's austere locales . "
6866836889475779664,6425264247631178469,"the acting , costumes , music , cinematography and sound are all astounding given the production 's austere locales . ","the acting , costumes , music , cinematography and sound are all unbelievable given the production 's austere locales . "
-6910282301127430021,6425264247631178469,"the acting , costumes , music , cinematography and sound are all astounding given the production 's austere locales . ","the acting , costumes , music , cinematography and sound are all dazzling given the production 's austere locales . "
-3534151895074572340,6425264247631178469,"the acting , costumes , music , cinematography and sound are all astounding given the production 's austere locales . ","the acting , costumes , music , cinematography and sound are all spectacular given the production 's austere locales . "
3459680615656425946,6425264247631178469,"the acting , costumes , music , cinematography and sound are all astounding given the production 's austere locales . ","the acting , costumes , music , cinematography and sound are all remarkable given the production 's austere locales . "
-325726570069003432,6425264247631178469,"the acting , costumes , music , cinematography and sound are all astounding given the production 's austere locales . ","the acting , costumes , music , cinematography and sound are all awesome given the production 's austere locales . "
-9211829747123344982,6425264247631178469,"the acting , costumes , music , cinematography and sound are all astounding given the production 's austere locales . ","the acting , costumes , music , cinematography and sound are all phenomenal given the production 's austere locales . "
5504484121204844143,6425264247631178469,"the acting , costumes , music , cinematography and sound are all astounding given the production 's austere locales . ","the acting , costumes , music , cinematography and sound are all noteworthy given the production 's austere locales . "
-6046701835852364750,6425264247631178469,"the acting , costumes , music , cinematography and sound are all astounding given the production 's austere locales . ","the acting , costumes , music , cinematography and sound are all extraordinary given the production 's austere locales . "
68303924941436772,6425264247631178469,"the acting , costumes , music , cinematography and sound are all astounding given the production 's austere locales . ","the acting , costumes , music , cinematography and sound are all fantastic given the production 's austere locales . "
7957970235097366002,6425264247631178469,"the acting , costumes , music , cinematography and sound are all astounding given the production 's austere locales . ","the acting , costumes , music , cinematography and sound are all magnificent given the production 's austere locales . "
-242987444359820028,-3136480505126924344,"the acting , costumes , music , cinematography and sound are all staggering given the production 's austere locales . ","the acting , costumes , music , cinematography and sound are all staggering given the producing 's austere locales . "
-5981357362333288247,-3136480505126924344,"the acting , costumes , music , cinematography and sound are all staggering given the production 's austere locales . ","the acting , costumes , music , cinematography and sound are all staggering given the productivity 's austere locales . "
-5915400898888063070,-3136480505126924344,"the acting , costumes , music , cinematography and sound are all staggering given the production 's austere locales . ","the acting , costumes , music , cinematography and sound are all staggering given the productive 's austere locales . "
4739889317174326037,-3136480505126924344,"the acting , costumes , music , cinematography and sound are all staggering given the production 's austere locales . ","the acting , costumes , music , cinematography and sound are all staggering given the generating 's austere locales . "
-8542962796819130952,-3136480505126924344,"the acting , costumes , music , cinematography and sound are all staggering given the production 's austere locales . ","the acting , costumes , music , cinematography and sound are all staggering given the produce 's austere locales . "
-4873228783305724786,-3136480505126924344,"the acting , costumes , music , cinematography and sound are all staggering given the production 's austere locales . ","the acting , costumes , music , cinematography and sound are all staggering given the fabrication 's austere locales . "
-8950860159566299364,-3136480505126924344,"the acting , costumes , music , cinematography and sound are all staggering given the production 's austere locales . ","the acting , costumes , music , cinematography and sound are all staggering given the producer 's austere locales . "
-7685658218393942016,-3136480505126924344,"the acting , costumes , music , cinematography and sound are all staggering given the production 's austere locales . ","the acting , costumes , music , cinematography and sound are all staggering given the manufacturing 's austere locales . "
306584539679718043,-3136480505126924344,"the acting , costumes , music , cinematography and sound are all staggering given the production 's austere locales . ","the acting , costumes , music , cinematography and sound are all staggering given the manufactures 's austere locales . "
7250639920400276116,-3136480505126924344,"the acting , costumes , music , cinematography and sound are all staggering given the production 's austere locales . ","the acting , costumes , music , cinematography and sound are all staggering given the manufacture 's austere locales . "
-8295065395600005572,-3136480505126924344,"the acting , costumes , music , cinematography and sound are all staggering given the production 's austere locales . ","the acting , costumes , music , cinematography and sound are all staggering given the generate 's austere locales . "
-2686550895910355384,-3136480505126924344,"the acting , costumes , music , cinematography and sound are all staggering given the production 's austere locales . ","the acting , costumes , music , cinematography and sound are all staggering given the yield 's austere locales . "
1309342792594910485,-3136480505126924344,"the acting , costumes , music , cinematography and sound are all staggering given the production 's austere locales . ","the acting , costumes , music , cinematography and sound are all staggering given the produces 's austere locales . "
-8636087951925461232,-3136480505126924344,"the acting , costumes , music , cinematography and sound are all staggering given the production 's austere locales . ","the acting , costumes , music , cinematography and sound are all staggering given the grower 's austere locales . "
8205759971856092816,-3136480505126924344,"the acting , costumes , music , cinematography and sound are all staggering given the production 's austere locales . ","the acting , costumes , music , cinematography and sound are all staggering given the manufacturer 's austere locales . "
5030260258356714264,-3136480505126924344,"the acting , costumes , music , cinematography and sound are all staggering given the production 's austere locales . ","the acting , costumes , music , cinematography and sound are all staggering given the output 's austere locales . "
1254090490881187715,-3136480505126924344,"the acting , costumes , music , cinematography and sound are all staggering given the production 's austere locales . ","the acting , costumes , music , cinematography and sound are all staggering given the producers 's austere locales . "
-2927609780259149555,-3136480505126924344,"the acting , costumes , music , cinematography and sound are all staggering given the production 's austere locales . ","the acting , costumes , music , cinematography and sound are all staggering given the fertile 's austere locales . "
6591009699207967668,-3136480505126924344,"the acting , costumes , music , cinematography and sound are all staggering given the production 's austere locales . ","the acting , costumes , music , cinematography and sound are all staggering given the generators 's austere locales . "
-5660446725830060853,-3136480505126924344,"the acting , costumes , music , cinematography and sound are all staggering given the production 's austere locales . ","the acting , costumes , music , cinematography and sound are all staggering given the productions 's austere locales . "
-6164122545055504722,-8253679397184833607,"it 's slow -- very , very slow . ","it 's slow -- very , very slows . "
6106504321554500307,-8253679397184833607,"it 's slow -- very , very slow . ","it 's slow -- very , very slowing . "
3314618589503903368,-8253679397184833607,"it 's slow -- very , very slow . ","it 's slow -- very , very slower . "
-8459814304819833802,-8253679397184833607,"it 's slow -- very , very slow . ","it 's slow -- very , very sluggish . "
2781418879250686763,-8253679397184833607,"it 's slow -- very , very slow . ","it 's slow -- very , very decelerate . "
-6562503927509153468,-8253679397184833607,"it 's slow -- very , very slow . ","it 's slow -- very , very lento . "
2593792383661472178,-8253679397184833607,"it 's slow -- very , very slow . ","it 's slow -- very , very deceleration . "
14922389079845123,-8253679397184833607,"it 's slow -- very , very slow . ","it 's slow -- very , very slowness . "
-7595805259759980541,-8253679397184833607,"it 's slow -- very , very slow . ","it 's slow -- very , very slowdown . "
-7290362527614653537,-8253679397184833607,"it 's slow -- very , very slow . ","it 's slow -- very , very lent . "
-2148688086304482718,-8253679397184833607,"it 's slow -- very , very slow . ","it 's slow -- very , very slowest . "
-177075307608750466,-8253679397184833607,"it 's slow -- very , very slow . ","it 's slow -- very , very downturn . "
1784501886654706649,-8253679397184833607,"it 's slow -- very , very slow . ","it 's slow -- very , very slowly . "
7498278211212803884,-8253679397184833607,"it 's slow -- very , very slow . ","it 's slow -- very , very lethargic . "
-7709921239076530000,-8253679397184833607,"it 's slow -- very , very slow . ","it 's slow -- very , very stagnant . "
-6653832325058654268,-8253679397184833607,"it 's slow -- very , very slow . ","it 's slow -- very , very recession . "
4728048356943912435,-8253679397184833607,"it 's slow -- very , very slow . ","it 's slow -- very , very anemic . "
6640153202092997481,-8253679397184833607,"it 's slow -- very , very slow . ","it 's slow -- very , very doldrums . "
-5733203000640968387,-8253679397184833607,"it 's slow -- very , very slow . ","it 's slow -- very , very retardation . "
-8550340105094252530,-8253679397184833607,"it 's slow -- very , very slow . ","it 's slow -- very , very slump . "
6279107606153121333,3314618589503903368,"it 's slow -- very , very slower . ","it 's slows -- very , very slower . "
-4202703040659496217,3314618589503903368,"it 's slow -- very , very slower . ","it 's slowing -- very , very slower . "
-2650720899962292153,3314618589503903368,"it 's slow -- very , very slower . ","it 's slower -- very , very slower . "
1733771546516379980,3314618589503903368,"it 's slow -- very , very slower . ","it 's sluggish -- very , very slower . "
5232392794413516505,3314618589503903368,"it 's slow -- very , very slower . ","it 's decelerate -- very , very slower . "
4618610753251121016,3314618589503903368,"it 's slow -- very , very slower . ","it 's lento -- very , very slower . "
-5112931725796414481,3314618589503903368,"it 's slow -- very , very slower . ","it 's deceleration -- very , very slower . "
-3566031622719324851,3314618589503903368,"it 's slow -- very , very slower . ","it 's slowness -- very , very slower . "
3929286289435187912,3314618589503903368,"it 's slow -- very , very slower . ","it 's slowdown -- very , very slower . "
-3373254910040347912,3314618589503903368,"it 's slow -- very , very slower . ","it 's lent -- very , very slower . "
793198434679527196,3314618589503903368,"it 's slow -- very , very slower . ","it 's slowest -- very , very slower . "
-8207965278936996243,3314618589503903368,"it 's slow -- very , very slower . ","it 's downturn -- very , very slower . "
6210894924720546604,3314618589503903368,"it 's slow -- very , very slower . ","it 's slowly -- very , very slower . "
-3158546284199707931,3314618589503903368,"it 's slow -- very , very slower . ","it 's lethargic -- very , very slower . "
8435814209336990483,3314618589503903368,"it 's slow -- very , very slower . ","it 's stagnant -- very , very slower . "
-1330578849418439223,3314618589503903368,"it 's slow -- very , very slower . ","it 's recession -- very , very slower . "
4529935363390672376,3314618589503903368,"it 's slow -- very , very slower . ","it 's anemic -- very , very slower . "
5095268662128867959,3314618589503903368,"it 's slow -- very , very slower . ","it 's doldrums -- very , very slower . "
-7810177436860323644,3314618589503903368,"it 's slow -- very , very slower . ","it 's retardation -- very , very slower . "
-7975330088218142439,3314618589503903368,"it 's slow -- very , very slower . ","it 's slump -- very , very slower . "
